path,pages,tier,unique_keys,unknown_keys,mapped_instances,unknown_instances,mapped_pct,overlay_unknown,error
Folklore_of_Gujjars_Bakarwals_of_Jammu_a.pdf,292,3,1472,1468,1161,141713,0.8,211,
GOJRI_BAIT_GOJRI_SI_HARFI_GOJRI_BARA_MAH.pdf,172,3,2040,2036,655,145354,0.4,223,
GOJRI_DICTIONARY_by_Dr_JAVAID_RAHI_Part (1).pdf,169,1,2504,2499,665,322751,0.2,284,
GOJRI_POETRY_OF_GUJJAR_POETS_GOJRI_BAIT.pdf,172,3,2040,2036,655,145354,0.4,223,
Gojri_Dictionary_by_Dr_Javaid_Rahi_Part.pdf,110,1,2029,2024,372,218643,0.2,282,
Gojri_Poet_Moulana_Ismail_Zabi_Gujjar_Ku.pdf,81,2,0,0,0,0,0.0,0,
Gojri_lok_kahani.pdf,410,3,3406,3402,3042,533796,0.6,276,
anjumshanasi/Aks-e-Jamal.pdf,121,3,1487,592,20745,1620,92.8,31,
anjumshanasi/Anjum-Shanasi.pdf,364,3,3529,1866,148791,6963,95.5,57,
anjumshanasi/Banjara.pdf,496,3,3558,1815,233493,8410,96.5,59,
anjumshanasi/Chitti-Mitti.pdf,144,3,2283,817,74222,2882,96.3,32,
anjumshanasi/Dil-Darya.pdf,220,3,2198,815,62860,1808,97.2,26,
anjumshanasi/G-Grammar.pdf,120,1,1949,471,56382,1942,96.7,29,
anjumshanasi/G-Kashmiri-Dictionary.pdf,456,1,3991,2244,207285,30283,87.3,110,
anjumshanasi/Gojri-Adbiyaat.pdf,528,3,3927,2077,282021,13061,95.6,71,
anjumshanasi/Gojri-Afsana.pdf,223,3,3036,1373,138371,6831,95.3,56,
anjumshanasi/Gojri-Drama.pdf,320,3,3132,1454,174323,6549,96.4,50,
anjumshanasi/Gojri-Ghazal.pdf,209,3,2514,993,97373,4247,95.8,38,
anjumshanasi/Gojri-Nasriyaat.pdf,532,3,4068,2193,316648,13674,95.9,82,
anjumshanasi/Gojri-Sheryaat.pdf,500,3,3237,1538,172952,7358,95.9,57,
anjumshanasi/Kaash.pdf,159,3,0,0,0,0,0.0,0,
anjumshanasi/Kahawat-Kosh.pdf,169,1,2149,0,80638,0,100.0,0,
anjumshanasi/Khawab-Jazeerey.pdf,125,3,1588,655,24162,2075,92.1,21,
anjumshanasi/Qadim-Gojri.pdf,152,3,2359,831,74425,3481,95.5,30,
anjumshanasi/Zanbeel.pdf,180,3,2005,797,42127,2257,94.9,28,
gojri-dictionary-by-dr-javaid-rahi-1-281-1.pdf,281,1,4320,4315,1246,435804,0.3,310,
gojri-dictionary-by-dr-javaid-rahi-3.pdf,169,1,3137,3132,665,322903,0.2,293,
gojri-dictionary-by-dr-javaid-rahi-part-05.pdf,110,1,2484,2479,372,218674,0.2,290,
javaidrahi-blog/amin-qamar-sahab.pdf,84,2,2352,2348,347,114471,0.3,242,
javaidrahi-blog/dr-javaid-rahi-5.pdf,172,3,2513,2509,655,145344,0.4,230,
javaidrahi-blog/gojri-_iban-e-khaldoon_gojri_tr-hassan-parwaz.pdf,408,3,0,0,0,0,0.0,0,
javaidrahi-blog/gojri-adab-ki-tariekh.pdf,270,3,3245,1544,145672,7728,95.0,54,
javaidrahi-blog/gojri-alfarooq-shibli-noumani-tr-hassan-parwaz.pdf,334,3,0,0,0,0,0.0,0,
javaidrahi-blog/gojri-dictionary-by-dr-javaid-rahi-part-4.pdf,341,1,4034,4029,1355,523945,0.3,323,
javaidrahi-blog/gojri-history.pdf,275,3,0,0,0,0,0.0,0,
javaidrahi-blog/gojri-language-literature.pdf,270,3,0,0,0,0,0.0,0,
javaidrahi-blog/gojri-shahan_e_gujjar_history-by-abdul-malik-chouhan-number.pdf,435,3,0,0,0,0,0.0,0,
javaidrahi-blog/gojri-translation-of-bostaan_e_sadi.pdf,242,3,0,0,0,0,0.0,0,
javaidrahi-blog/gojri-version-of-gandhi-auto-biography-main_azmaio_such_final.pdf,494,3,0,0,0,0,0.0,0,
javaidrahi-blog/gojri-yaad-dr-sabir-afaqi-dr-javaid-rahi-4.pdf,45,2,2145,2141,180,55469,0.3,185,
javaidrahi-blog/gojri_look-geet-complie-by-dr-javaid-rahi-fojri-folk-songs.pdf,292,3,1948,1944,1161,141719,0.8,216,
javaidrahi-blog/kalam-ismail-zabai-ed-by-dr-javaid-rahi.pdf,81,2,0,0,0,0,0.0,0,
javaidrahi-blog/mahmood-rana-1.pdf,105,3,3015,3011,975,151088,0.6,236,
javaidrahi-blog/sarwari-kasana-sahab-final-1.pdf,240,3,4300,4296,2800,307733,0.9,279,
