page_id,setup,model,prompt,word_error_rate_pct,role
dict_alif,one_shot_api,gemini_3.6_flash,v1,23.5,primary_api
gojri_adbiyaat,one_shot_api,gemini_3.6_flash,v1,17.7,primary_api
gojri_ghazal,one_shot_api,gemini_3.6_flash,v1,12.4,primary_api
kahawat_kosh,one_shot_api,gemini_3.6_flash,v1,19.8,primary_api
kulyate_spread_a_right,one_shot_api,gemini_3.6_flash,v1,30.5,primary_api
kulyate_spread_b_left,one_shot_api,gemini_3.6_flash,v1,17.0,primary_api
mahatma_gandhi,one_shot_api,gemini_3.6_flash,v1,0.0,primary_api
nazir_spread_a_right,one_shot_api,gemini_3.6_flash,v2,10.5,primary_api
nazir_spread_b_left,one_shot_api,gemini_3.6_flash,v2,11.4,primary_api
shingar_textbook,one_shot_api,gemini_3.6_flash,v2,18.3,primary_api
louk_warsti,one_shot_api,gemini_3.6_flash,v2,15.8,primary_api
primer_pehli,one_shot_api,gemini_3.6_flash,v2,16.0,primary_api
__pooled__,one_shot_api,gemini_3.6_flash,latest_per_page,17.1,best_one_shot_api
dict_alif,one_shot_api,sonnet_4.6,v1,21.0,primary_api
gojri_adbiyaat,one_shot_api,sonnet_4.6,v1,17.7,primary_api
gojri_ghazal,one_shot_api,sonnet_4.6,v1,13.3,primary_api
kahawat_kosh,one_shot_api,sonnet_4.6,v1,35.2,primary_api
kulyate_spread_a_right,one_shot_api,sonnet_4.6,v1,42.9,primary_api
kulyate_spread_b_left,one_shot_api,sonnet_4.6,v1,26.4,primary_api
mahatma_gandhi,one_shot_api,sonnet_4.6,v1,0.0,primary_api
nazir_spread_a_right,one_shot_api,sonnet_4.6,v2,11.1,primary_api
nazir_spread_b_left,one_shot_api,sonnet_4.6,v2,16.5,primary_api
shingar_textbook,one_shot_api,sonnet_4.6,v2,20.1,primary_api
louk_warsti,one_shot_api,sonnet_4.6,v2,28.1,primary_api
primer_pehli,one_shot_api,sonnet_4.6,v2,30.0,primary_api
__pooled__,one_shot_api,sonnet_4.6,latest_per_page,22.0,comparison_api
dict_alif,chat,composer_2.5,v1,10.1,chat_baseline_not_api
gojri_adbiyaat,chat,composer_2.5,v1,18.2,chat_baseline_not_api
gojri_ghazal,chat,composer_2.5,v1,14.2,chat_baseline_not_api
kahawat_kosh,chat,composer_2.5,v1,15.9,chat_baseline_not_api
kulyate_spread_a_right,chat,composer_2.5,v1,24.0,chat_baseline_not_api
kulyate_spread_b_left,chat,composer_2.5,v1,17.9,chat_baseline_not_api
mahatma_gandhi,chat,composer_2.5,v1,0.0,chat_baseline_not_api
nazir_spread_a_right,chat,composer_2.5,v1,3.7,chat_baseline_not_api
nazir_spread_b_left,chat,composer_2.5,v1,7.6,chat_baseline_not_api
shingar_textbook,chat,composer_2.5,v1,4.9,chat_baseline_not_api
louk_warsti,chat,composer_2.5,v1,8.8,chat_baseline_not_api
primer_pehli,chat,composer_2.5,v1,12.0,chat_baseline_not_api
__pooled__,chat,composer_2.5,v1,12.6,chat_baseline_not_api
