path,size_mb,pages,md5,dup_group,is_primary,category,encoding_scheme,script_found,likely_english,parallel_source,needs_ocr,page_spread,in_scope,tier,arabic_chars,devanagari_chars,pua_chars,latin_chars,fonts,error
anjumshanasi/ABC-Islamic-Studies.pdf,3.67,401,7de779d554ca12a2574f7c48bd3577b6,,1,good_text,clean_unicode,perso_arabic,1,0,0,0,1,3,34,0,0,9253,Arial-BoldMT; Calibri; Calibri-Bold; Calibri-Italic; Calibri-BoldItalic; ArialMT,
anjumshanasi/Aks-e-Jamal.pdf,1.29,121,2d96fd56684753cb7c8c061e988b3f57,,1,bad_text,pua,legacy_encoded,0,0,1,0,1,3,0,0,1869,0,"FNTSBS+NOORIN48,Bold; FNTSBS+NOORIN04,Bold; FNTSBS+NOORIN81,Bold; FNTSBS+NOORIN85,Bold; FNTSBS+NOORIN01,Bold; FNTSBS+NOORIN16,Bold",
anjumshanasi/Anjum-Shanasi.pdf,3.95,364,45ec82957ede09074e90d6f97a978ce5,,1,bad_text,pua,legacy_encoded,1,0,1,0,1,3,0,0,3492,579,"FNTSBS+NOORIN56,Bold; FNTSBS+NOORIN01,Bold; FNTSBS+NOORIN82,Bold; FNTSBS+NOORIN05,Bold; FNTSBS+NOORIN85,Bold; FNTSBS+NOORIN63,Bold",
anjumshanasi/Banjara.pdf,4.86,496,889c421fbc84e10020f53966ea665d2d,,1,bad_text,pua,legacy_encoded,0,0,1,0,1,3,0,0,3603,31,"FNTSBS+NOORIC01,Bold; FNTSBS+NOORIC,Bold; FNTSBS+NOORIN85,Bold; FNTSBS+NOORIN01,Bold; FNTSBS+NOORIN05,Bold; FNTSBS+NOORIN82,Bold",
anjumshanasi/Chitti-Mitti.pdf,2.08,144,07ffc0bb5f54ffdee333a95eb08470ab,,1,bad_text,pua,legacy_encoded,0,0,1,0,1,3,0,0,4768,0,"FNTSBS+NOORIN85,Bold; FNTSBS+NOORIN01,Bold; FNTSBS+NOORIC,Bold; FNTSBS+NOORIN48,Bold; FNTSBS+NOORIN81,Bold; FNTSBS+NOORIN86,Bold",
anjumshanasi/Dil-Darya.pdf,2.42,220,e48a3f8379ee03a01690e4350190b83a,,1,bad_text,pua,legacy_encoded,0,0,1,0,1,3,0,0,2929,9,"FNTSBS+NOORIN57,Bold; FNTSBS+NOORIN01,Bold; FNTSBS+NOORIN48,Bold; FNTSBS+NOORIN63,Bold; FNTSBS+NOORIN82,Bold; FNTSBS+NOORIN86,Bold",
anjumshanasi/Essential-Book.pdf,2.31,498,dc19e4c5db7ecb119e67b9f84bf89b11,,1,good_text,clean_unicode,perso_arabic,1,0,0,0,1,3,476,0,32,8927,"Arial,Bold; ALXWIU+Calibri; BEXXUY+Calibri,Italic; AUAXSQ+Calibri,Bold; BBUTFL+Calibri; AUWXCD+Calibri,Italic",
anjumshanasi/G-Grammar.pdf,1.78,120,aabffaaab669249c0198ce758733e710,,1,bad_text,pua,legacy_encoded,0,0,1,0,1,1,0,0,5013,525,"FNTSBS+NOORIN48,Bold; FNTSBS+NOORIN01,Bold; FNTSBS+NOORIN63,Bold; FNTSBS+NOORIN81,Bold; FNTSBS+NOORIN86,Bold; FNTSBS+NOORIC,Bold",
anjumshanasi/G-Kashmiri-Dictionary.pdf,5.78,456,3d43e70607f1e2734a24b50f4ba59b08,,1,bad_text,pua,legacy_encoded,1,1,1,0,1,1,0,0,4813,8060,TimesNewRomanPSMT; AUIUSE+NOORIN81; ALOBLQ+NOORIN85; AARWTT+NOORIN01; AKFNQE+NOORIC; ASQCNC+NOORIC02,
anjumshanasi/Gojri-Adbiyaat.pdf,5.57,528,59da2c8ac1f5c361d33a0a9b5cfa77c7,,1,bad_text,pua,legacy_encoded,0,0,1,0,1,3,0,0,4453,0,"FNTSBS+NOORIN63,Bold; FNTSBS+NOORIN81,Bold; FNTSBS+NOORIN86,Bold; FNTSBS+NOORIN01,Bold; FNTSBS+NOORIN57,Bold; FNTSBS+NOORIN85,Bold",
anjumshanasi/Gojri-Afsana.pdf,3.04,223,ed6354c2acc88fb122ac94b451dd661a,,1,bad_text,pua,legacy_encoded,0,0,1,0,1,3,0,0,6677,0,"FNTSBS+NOORIN63,Bold; FNTSBS+NOORIN81,Bold; FNTSBS+NOORIN86,Bold; FNTSBS+NOORIN01,Bold; FNTSBS+NOORIN14,Bold; FNTSBS+NOORIN48,Bold",
anjumshanasi/Gojri-Drama.pdf,3.56,320,fefd2d1d25c036070981ecfa2f4b76b4,,1,bad_text,pua,legacy_encoded,0,0,1,0,1,3,0,0,4613,0,"FNTSBS+NOORIN63,Bold; FNTSBS+NOORIN81,Bold; FNTSBS+NOORIN86,Bold; FNTSBS+NOORIN01,Bold; FNTSBS+NOORIN85,Bold; FNTSBS+NOORIN59,Bold",
anjumshanasi/Gojri-English-Dictionary.pdf,1.84,498,8489c0a1bf30e4e7c6f422eb8ade44b0,,1,bad_text,pua,legacy_encoded,1,1,1,0,1,1,0,0,1401,9026,TimesNewRomanPSMT; FNTSBS+Batool; ArialMT; Arial-ItalicMT,
anjumshanasi/Gojri-Ghazal.pdf,2.4,209,a26942703fa866cf1d8b0feead600666,,1,bad_text,pua,legacy_encoded,0,0,1,0,1,3,0,0,4641,0,"FNTSBS+NOORIN01,Bold; FNTSBS+NOORIN48,Bold; FNTSBS+NOORIN85,Bold; FNTSBS+NOORIN63,Bold; FNTSBS+NOORIN82,Bold; FNTSBS+NOORIN86,Bold",
anjumshanasi/Gojri-Hindi-English-Dictionary.pdf,4.13,458,dbcf6814f1b19a111f8bb3955e341b11,,1,good_text,clean_unicode,devanagari,1,1,0,0,1,1,0,4209,0,8167,FXPGQY+Kokila; TimesNewRomanPSMT; KAXAIO+GurbaniHindi; AYZSYI+Kokila; KWKZIO+Kokila-Bold; Arial-BoldMT,
anjumshanasi/Gojri-Nasriyaat.pdf,5.84,532,81b9e6bfd402b7217256b6a664cf011b,,1,bad_text,pua,legacy_encoded,0,0,1,0,1,3,0,0,5777,31,"FNTSBS+NOORIN01,Bold; FNTSBS+NOORIN63,Bold; FNTSBS+NOORIN14,Bold; FNTSBS+NOORIN83,Bold; FNTSBS+NOORIN81,Bold; FNTSBS+NOORIN86,Bold",
anjumshanasi/Gojri-Sheryaat.pdf,4.13,500,3f48b461bfdbba6a294c49efa7a3dc85,,1,bad_text,pua,legacy_encoded,0,0,1,0,1,3,0,0,2499,0,"FNTSBS+NOORIN14,Bold; FNTSBS+NOORIN86,Bold; FNTSBS+NOORIN01,Bold; FNTSBS+NOORIN81,Bold; FNTSBS+NOORIN48,Bold; FNTSBS+NOORIC,Bold",
anjumshanasi/Islam-in-the-Modern-World.pdf,1.3,299,ea223e0a79ade1f2c7fdb818e4839029,,1,english_prose,clean_unicode,latin,1,0,0,0,0,9,0,0,10,10824,Arial-BoldMT; Calibri; Calibri-Bold; Calibri-Italic; FNTSBS+SymbolMT; ArialMT,
anjumshanasi/Kaash.pdf,1.92,159,937e0a112ac8d5b5da86734dc8805b88,,1,bad_text,pua,legacy_encoded,0,0,1,0,1,3,0,0,1499,0,CIDFont+F1; CIDFont+F2; CIDFont+F30; CIDFont+F8; CIDFont+F19; CIDFont+F25,
anjumshanasi/Kahawat-Kosh.pdf,2.06,169,4c71f1a45343666a6262a233b97011e7,,1,bad_text,pua,legacy_encoded,0,1,1,0,1,1,0,0,4829,21,"FNTSBS+NOORIN57,Bold; FNTSBS+NOORIN01,Bold; FNTSBS+NOORIN05,Bold; FNTSBS+NOORIN63,Bold; FNTSBS+NOORIN12,Bold; FNTSBS+NOORIN82,Bold",
anjumshanasi/Khawab-Jazeerey.pdf,1.33,125,9f027c5cf6501f41a92c364c5b868c73,,1,bad_text,pua,legacy_encoded,0,0,1,0,1,3,0,0,1530,0,"FNTSBS+NOORIN01,Bold; FNTSBS+NOORIN81,Bold; FNTSBS+NOORIN63,Bold; FNTSBS+NOORIN57,Bold; FNTSBS+NOORIN05,Bold; FNTSBS+NOORIN85,Bold",
anjumshanasi/Qadim-Gojri.pdf,2.13,152,fd1b9136f6217bef37c85b6c95a02bbf,,1,bad_text,pua,legacy_encoded,0,0,1,0,1,3,0,0,4498,47,"FNTSBS+NOORIN01,Bold; FNTSBS+NOORIN85,Bold; FNTSBS+NOORIN63,Bold; FNTSBS+NOORIC,Bold; FNTSBS+NOORIC01,Bold; FNTSBS+NOORIN05,Bold",
anjumshanasi/Revisiting-Islam.pdf,2.11,304,c8ef989be215162e65cb81416b721a00,,1,english_prose,clean_unicode,latin,1,0,0,0,0,9,0,0,9,10140,Arial-BoldMT; Calibri; Calibri-Italic; Calibri-Bold; FNTSBS+SymbolMT; ArialMT,
anjumshanasi/Revival-of-Islam.pdf,0.59,116,9d56f525ded67d94effc532d4fef5edf,,1,good_text,clean_unicode,perso_arabic,1,0,0,0,1,3,59,0,16,10813,Arial-BoldMT; Calibri; Calibri-Italic; FNTSBS+ArialMT; Calibri-Bold; Calibri-BoldItalic,
anjumshanasi/Zanbeel.pdf,2.8,180,f01b62aa125f0797fce2f102fb2cb85a,,1,bad_text,pua,legacy_encoded,0,0,1,0,1,3,0,0,2732,0,"FNTSBS+NOORIN86,Bold; FNTSBS+NOORIN85,Bold; FNTSBS+NOORIN63,Bold; FNTSBS+NOORIN81,Bold; FNTSBS+NOORIN05,Bold; FNTSBS+Batool,Bold",
Concise_Gojri_English_Dictionary_by_Dr_R.pdf,0.15,24,fc5da1023f76e4d1487f1316eab08d25,,1,bad_text,pua,legacy_encoded,1,1,1,0,1,1,0,0,198,9865,JFCLYM+Times-Roman; VDIOJZ+Helvetica; YMYXUH+Helvetica-Bold; BTXIAY+Helvetica-BoldOblique; SPBREP+Batool; KNMAUT+Helvetica-Oblique,
Folklore_of_Gujjars_Bakarwals_of_Jammu_a.pdf,2.76,292,974406ab21d1e1743b60715d8ae7f8f0,,1,bad_text,pua,legacy_encoded,0,0,1,1,1,3,0,0,33,1865,TJYBMM+NOORIN15; ACBNEV+NOORIN07; IDOEKE+NOORIN52; WACRWE+NOORIN10; OYLEOX+NOORIN12; CIAMHS+NOORIN56,
Gojri-1.pdf,19.5,56,e52f629426cece03d08c4de8aef73de8,,1,image_only,none,none,0,0,1,0,1,2,0,0,0,0,,
gojri-dictionary-by-dr-javaid-rahi-01.pdf,1.44,1,be251cf6cff3a4c28cc86c7b6fed83e0,D01,1,image_only,none,none,0,1,1,0,1,1,0,0,0,0,,
gojri-dictionary-by-dr-javaid-rahi-1-281-1.pdf,11.03,281,c396d1aa41ee4cec0ed464ad93ca6026,D02,1,bad_text,pua,legacy_encoded,0,1,1,0,1,1,0,0,34,5188,KFOANT+Arial; LNVZPP+NOORIN12; QMAGXT+NOORIN81; LRSXWR+NOORIN48; RDZRPI+BombayBlack; IXATKK+NOORIN16,
gojri-dictionary-by-dr-javaid-rahi-3.pdf,7.58,169,94604c48df517214bb3f0ae1a2e0394f,D03,1,bad_text,pua,legacy_encoded,0,1,1,0,1,1,0,0,30,6658,FPHEDZ+NOORIN07; ZKTYJR+NOORIN81; EJIDTG+NOORIN10; BNPULP+NOORIN14; WFRXYX+NOORIN86; KFOANT+NOORIN16,
gojri-dictionary-by-dr-javaid-rahi-part-05.pdf,4.37,110,944f8f94408a22b98607ae17a0741f2f,D04,1,bad_text,pua,legacy_encoded,0,1,1,0,1,1,0,0,26,7525,JBEEIF+NOORIN85; UGLJTT+NOORIN63; RXNQOL+Arial; HWNDJR+NOORIC01; REEYEE+NOORIN81; VRBBWM+BombayBlack,
GOJRI_BAIT_GOJRI_SI_HARFI_GOJRI_BARA_MAH.pdf,3.4,172,84bc6f1bf053a44da2745fd47643397d,,1,bad_text,pua,legacy_encoded,0,0,1,1,1,3,0,0,40,3191,YCKWKG+NOORIN48; CAFQMI+NOORIN04; YPLQFP+NOORIN82; QKBVHY+NOORIN06; ABYWYX+NOORIN77; EXFHVK+NOORIN57,
GOJRI_DICTIONARY_by_Dr_JAVAID_RAHI_Part (1).pdf,9.0,169,865ec2c7f875c217ea43a35860f485cf,,1,bad_text,pua,legacy_encoded,0,1,1,0,1,1,0,0,30,6612,"UTQJKN+Arial,Bold; EKYNRV+NOORIN14; YEQICX+NOORIN85; XELZVS+NOORIN56; DMRLAY+NOORIN86; FSNIDE+BombayBlack",
GOJRI_DICTIONARY_by_Dr_JAVAID_RAHI_Part (2).pdf,11.03,281,c396d1aa41ee4cec0ed464ad93ca6026,D02,0,bad_text,pua,legacy_encoded,0,1,1,0,1,1,0,0,34,5188,KFOANT+Arial; LNVZPP+NOORIN12; QMAGXT+NOORIN81; LRSXWR+NOORIN48; RDZRPI+BombayBlack; IXATKK+NOORIN16,
Gojri_Dictionary_by_Dr_Javaid_Rahi_Part.pdf,4.72,110,ecc74016907d6de1468282502a6f8b4f,,1,bad_text,pua,legacy_encoded,0,1,1,0,1,1,0,0,26,7368,DBRFGI+NOORIN12; XKLKHV+NOORIN05; ATQIQR+NOORIN81; HRXKWP+NOORIN56; DWIFYZ+NOORIN48; QYOHOE+NOORIN86,
Gojri_lok_kahani.pdf,4.73,410,28fb16acbbeac258aa18f1ad4c3adb6d,D05,1,bad_text,pua,legacy_encoded,0,0,1,1,1,3,0,0,55,5088,LWWGKM+NOORIN13; OKQWIQ+NOORIN12; TNPRAF+NOORIN81; TFZUTV+NOORIN82; WQDACH+NOORIN48; AOQJYH+NOORIN86,
GOJRI_LOK_KAHANI_by_Dr_Javaid_Rahi_A_col.pdf,4.73,410,28fb16acbbeac258aa18f1ad4c3adb6d,D05,0,bad_text,pua,legacy_encoded,0,0,1,1,1,3,0,0,55,5088,LWWGKM+NOORIN13; OKQWIQ+NOORIN12; TNPRAF+NOORIN81; TFZUTV+NOORIN82; WQDACH+NOORIN48; AOQJYH+NOORIN86,
Gojri_Poet_Moulana_Ismail_Zabi_Gujjar_Ku.pdf,1.4,81,ba2f2ecb73d4573eae11b9e2061d811f,,1,bad_text,pua,legacy_encoded,0,0,1,1,1,2,0,0,22,118,LWNWST+TT23At00; LQXEHA+TT235t00; WFRBWK+TT23Ct00; YMTLCZ+TT231t00; CGYYID+TT6E0t00; HHWZIN+TT239t00,
GOJRI_POETRY_OF_GUJJAR_POETS_GOJRI_BAIT.pdf,3.4,172,e574bcdec43f7a391734400fd30b534c,,1,bad_text,pua,legacy_encoded,0,0,1,1,1,3,0,0,40,3191,YCKWKG+NOORIN48; CAFQMI+NOORIN04; YPLQFP+NOORIN82; QKBVHY+NOORIN06; ABYWYX+NOORIN77; EXFHVK+NOORIN57,
GOJRI_PRIMER_Vth_BOOK_Compiled_by_Dr_Jav.pdf,21.98,68,ea6c49d31849fcb7747ad6416f36f0a9,,1,image_only,none,none,0,0,1,0,1,2,0,0,0,0,,
GOJRI_TEXT_BOOK_Series_SHINGAR_for_class.pdf,14.79,72,2eba82d8ee2c5689f52aa3542538e711,,1,image_only,none,none,0,0,1,0,1,2,0,0,0,0,,
Gujjar_Qabila_Ki_Louk_Warsti_Dictionary (1).pdf,93.66,202,4031245e58639323fd5959d3df16f63d,,1,image_only,none,none,0,1,1,0,1,1,0,0,0,0,,
Gujjar_Qabila_Ki_Louk_Warsti_Dictionary.pdf,51.67,202,75b0b9a43db03f01789228b472690a70,,1,image_only,none,none,0,1,1,0,1,1,0,0,0,0,,
GUJJARS_GOJRI_KI_CHOTHI_KITAB_Gojri_Prim.pdf,14.28,64,9b8d323653df7acd9c4f04373ee08f82,,1,image_only,none,none,0,0,1,0,1,2,0,0,0,0,,
GUJJARS_GOJRI_KI_DOJI_KITAB_Gojri_Primer.pdf,15.68,64,4ffdf7165a8e828b57754750bf333439,,1,image_only,none,none,0,0,1,0,1,2,0,0,0,0,,
GUJJARS_GOJRI_KI_PEHLI_KITAB_Gojri_Prime.pdf,21.94,56,8d14e0a5d64c563010a5e4e79988732d,,1,image_only,none,none,0,0,1,0,1,2,0,0,0,0,,
GUJJARS_GOJRI_KI_TEJI_KITAB_Gojri_Primer.pdf,21.54,68,1a8c415e3c51627f528685b439c58767,,1,image_only,none,none,0,0,1,0,1,2,0,0,0,0,,
javaidrahi-blog/amin-qamar-sahab.pdf,1.77,84,aa52799eae4c984594a3b14ade77338e,,1,bad_text,pua,legacy_encoded,0,0,1,1,1,2,0,0,31,5100,KFOANT+NOORIN06; MFZMRR+NOORIN83; LRMSER+NOORIN16; XTSEBN+NOORIN57; RHDELV+NOORIC; KFOANT+NOORIN07,
javaidrahi-blog/dr-javaid-rahi-5.pdf,3.02,172,59845a294284940cbeaaf640cc436ef0,,1,bad_text,pua,legacy_encoded,0,0,1,1,1,3,0,0,40,3331,RDZRPI+NOORIN52; BIABFC+NOORIN85; XXCIFJ+NOORIN86; EIZJKK+NOORIN10; JONZVR+NOORIN06; RXRETH+Arial,
javaidrahi-blog/gojri-6th-book-shingar.pdf,19.3,76,8f2d586749cf1e3aeaf875b6c81c6600,,1,image_only,none,none,0,0,1,0,1,2,0,0,0,0,ArialMT,
javaidrahi-blog/gojri-7th-book.pdf,18.3,72,a1968a231aebc3de5f0847a200d5d4a1,,1,image_only,none,none,0,0,1,0,1,2,0,0,0,0,,
javaidrahi-blog/gojri-_iban-e-khaldoon_gojri_tr-hassan-parwaz.pdf,5.68,408,625ad4a5d7b0909ec9169baf1decbffe,,1,bad_text,pua,legacy_encoded,0,0,1,1,1,3,0,0,54,5685,DQNTHE+TT265t00; QTNBCJ+TT722t00; EMCEQI+TT27Bt00; CNWPMV+TT23At00; YCMVYH+TT27Ct00; PZQVEJ+TT237t00,
javaidrahi-blog/gojri-_kuliyat-e-qasam_shamim.pdf,1.47,99,a467e81d2b1f294bd4f73a1db04ce907,,1,bad_text,legacy_8bit,legacy_encoded,0,0,1,1,1,2,0,0,17,2475,LKOLOK+TT265t00; HUECVP+TT7B4t00; XZCXIE+TT22Ct00; TFNFTN+TT230t00; KDGXKF+TT236t00; HXVYRX+TT27Ct00,
javaidrahi-blog/gojri-adab-ki-tariekh.pdf,3.47,270,64b26d510130ff2605529ac5a2e16948,,1,bad_text,pua,legacy_encoded,0,0,1,0,1,3,0,0,4909,62,"FNTSBS+NOORIN63,Bold; FNTSBS+NOORIN81,Bold; FNTSBS+NOORIN86,Bold; FNTSBS+NOORIN01,Bold; FNTSBS+NOORIN82,Bold; FNTSBS+NOORIN48,Bold",
javaidrahi-blog/gojri-alfarooq-shibli-noumani-tr-hassan-parwaz.pdf,4.44,334,377177b99769105ce9fbdbe678dfd202,,1,bad_text,pua,legacy_encoded,0,0,1,1,1,3,0,0,60,4739,PZQVEJ+TT22Ft00; IHNXBU+TT6FEt00; BMANOV+TT235t00; UBTAOI+TT6FBt00; NCQSPY+TT230t00; EMCEQI+TT27Bt00,
javaidrahi-blog/gojri-book-iiird.pdf,21.65,33,80ae02023b8ddac85d4546346b7b6cc2,,1,image_only,none,none,0,0,1,0,1,2,0,0,0,0,,
javaidrahi-blog/gojri-book-ivth.pdf,16.33,33,d894b7e699a17a99867035769e1b41b6,,1,image_only,none,none,0,0,1,0,1,2,0,0,0,0,,
javaidrahi-blog/gojri-books-iind.pdf,24.44,64,f892cdbf6695747d36ed466e41455f0c,,1,image_only,none,none,0,0,1,0,1,2,0,0,0,0,NOORIN01,
javaidrahi-blog/gojri-dictionary-by-dr-javaid-rahi-01.pdf,1.44,1,be251cf6cff3a4c28cc86c7b6fed83e0,D01,0,image_only,none,none,0,1,1,0,1,1,0,0,0,0,,
javaidrahi-blog/gojri-dictionary-by-dr-javaid-rahi-1-281-1.pdf,11.03,281,c396d1aa41ee4cec0ed464ad93ca6026,D02,0,bad_text,pua,legacy_encoded,0,1,1,0,1,1,0,0,34,5188,KFOANT+Arial; LNVZPP+NOORIN12; QMAGXT+NOORIN81; LRSXWR+NOORIN48; RDZRPI+BombayBlack; IXATKK+NOORIN16,
javaidrahi-blog/gojri-dictionary-by-dr-javaid-rahi-3.pdf,7.58,169,94604c48df517214bb3f0ae1a2e0394f,D03,0,bad_text,pua,legacy_encoded,0,1,1,0,1,1,0,0,30,6658,FPHEDZ+NOORIN07; ZKTYJR+NOORIN81; EJIDTG+NOORIN10; BNPULP+NOORIN14; WFRXYX+NOORIN86; KFOANT+NOORIN16,
javaidrahi-blog/gojri-dictionary-by-dr-javaid-rahi-part-05.pdf,4.37,110,944f8f94408a22b98607ae17a0741f2f,D04,0,bad_text,pua,legacy_encoded,0,1,1,0,1,1,0,0,26,7525,JBEEIF+NOORIN85; UGLJTT+NOORIN63; RXNQOL+Arial; HWNDJR+NOORIC01; REEYEE+NOORIN81; VRBBWM+BombayBlack,
javaidrahi-blog/gojri-dictionary-by-dr-javaid-rahi-part-4.pdf,11.58,341,d141aa630b77f6379ac443254a0f3827,,1,bad_text,pua,legacy_encoded,0,1,1,0,1,1,0,0,42,5629,XXCIFJ+NOORIN85; CBPMTB+NOORIN08; XYOGBW+NOORIN57; LWWGKM+NOORIN16; NKNSTI+NOORIN56; TNPRAF+NOORIN12,
javaidrahi-blog/gojri-history.pdf,3.04,275,a640c3b3232a88a2b8a26146e15bb49e,D06,1,bad_text,pua,legacy_encoded,0,0,1,0,1,3,0,0,57,2116,JDAHFL+TT34Ct00; PZQVEJ+TT2C6t00; IPVHQJ+TT2FDt00; XRQUZW+TT2CDt00; HZCJUS+TT2D1t00; MDIUIR+TT337t00,
javaidrahi-blog/gojri-history1.pdf,3.04,275,a640c3b3232a88a2b8a26146e15bb49e,D06,0,bad_text,pua,legacy_encoded,0,0,1,0,1,3,0,0,57,2116,JDAHFL+TT34Ct00; PZQVEJ+TT2C6t00; IPVHQJ+TT2FDt00; XRQUZW+TT2CDt00; HZCJUS+TT2D1t00; MDIUIR+TT337t00,
javaidrahi-blog/gojri-kalam-_gulam_sarwar_rana_ed-javaid-rahi.pdf,1.41,139,07bfe374be79175b071fa73691c0790f,,1,bad_text,legacy_8bit,legacy_encoded,0,0,1,1,1,3,0,0,13,2205,WYXBDZ+TT230t00; RLSXZU+TT234t00; UNDHHB+TT235t00; NXBBUP+TT6A9t00; YTPPSD+TT6A7t00; WDJFNI+Helvetica,
javaidrahi-blog/gojri-kalam-e-_shamas_din_mehjoor-ed-dr-javaid-rahi.pdf,1.39,99,d7da3e96309d4a1ab5a01af59470021f,,1,bad_text,legacy_8bit,legacy_encoded,0,0,1,1,1,2,0,0,12,2582,LBPQCR+TT233t00; BMANOV+TT27Bt00; HXVYRX+TT27Ct00; WYXBDZ+TT231t00; XGXWYM+TT6C7t00; UBTAOI+TT232t00,
javaidrahi-blog/gojri-kalam-e-nazir-ahmad-nazir-nazir-ed-by-dr-javaid-rahi.pdf,1.78,145,46dd9e1a948604b8447e6a880ad0aeff,,1,bad_text,legacy_8bit,legacy_encoded,0,0,1,1,1,3,0,0,17,2985,IPFPYP+TT269t00; KXUWQV+Helvetica; WSQMXO+TT23At00; ZCLVYH+TT27Bt00; RFHCWV+TT25Ft00; GCCBBY+TT664t00,
javaidrahi-blog/gojri-kalam-israel-asar_-ed-dr-javaid-rahi.pdf,3.72,510,ebdd3bf02b6e9b0d4a54bc25ba61612a,,1,bad_text,legacy_8bit,legacy_encoded,0,0,1,1,1,3,0,0,9,2116,VRBBWM+NOORIN75; KLLFER+NOORIN81; HUAWOV+NOORIN04; KPSHBO+Zakharif; YLWHHJ+NOORIN82; GXQVTB+NOORIN86,
javaidrahi-blog/gojri-language-literature.pdf,3.31,270,80927effa6910b3b6415e3d5fd8953e9,,1,bad_text,pua,legacy_encoded,0,0,1,0,1,3,0,0,60,1933,DDKVYC+TT2D3t00; QTNBCJ+TT356t00; JOJJAH+TT304t00; HSNZKS+TT2F5t00; CTXLMA+TT2CDt00; ZCLVYH+TT2C6t00,
javaidrahi-blog/gojri-quran-final-1010-1.pdf,16.65,717,16eece63d02e5c03bc7068ef650c3e83,D07,0,good_text,clean_unicode,perso_arabic,0,0,0,0,1,3,11614,0,0,0,ArialMT; HCFNPF+Calibri; OWJZTB+ArabicTypesetting; YXORDH+TraditionalArabic; WAFARB+UrduTypesetting; OWJZTB+TraditionalArabic-Bold,
javaidrahi-blog/gojri-shahan_e_gujjar_history-by-abdul-malik-chouhan-number.pdf,5.5,435,2e71568099cce260875548ec834a7f9c,,1,bad_text,pua,legacy_encoded,0,0,1,1,1,3,0,0,110,4673,OIBFJP+TT7F8t00; VRCBAT+TT265t00; KUCEWB+TT242t00; IHNXBU+TT246t00; IHNXBU+TT25Bt00; INMMRW+TT263t00,
javaidrahi-blog/gojri-translation-of-bostaan_e_sadi.pdf,3.18,242,010550b8aedd476f7c85c9b6aa87cadb,,1,bad_text,pua,legacy_encoded,0,0,1,1,1,3,0,0,68,3628,BMANOV+TT236t00; KUCEWB+TT263t00; NQQYOI+TT23At00; EKXYMP+TT27Bt00; CTXLMA+TT233t00; RFFBTU+TT265t00,
javaidrahi-blog/gojri-version-of-gandhi-auto-biography-main_azmaio_such_final.pdf,6.46,494,1bc04dd395d32a8c137d140b7c6556a3,,1,bad_text,pua,legacy_encoded,0,0,1,1,1,3,0,0,50,4351,IPFPYP+TT7DCt00; ULAZAH+TT232t00; QTNBCJ+TT269t00; XOOLEL+TT7DDt00; RAYMLK+TT22Ft00; KIGHPU+TT7DBt00,
javaidrahi-blog/gojri-vth-book-ed-dr-javaid-rahi.pdf,14.72,33,0fdc7886f3c638c875590e5a72b44076,,1,image_only,none,none,0,0,1,0,1,2,0,0,0,0,"TimesNewRomanPSMT,Bold",
javaidrahi-blog/gojri-yaad-dr-sabir-afaqi-dr-javaid-rahi-4.pdf,1.66,45,8e492d6d3067cc10ca2a36545c6bf3f1,,1,bad_text,pua,legacy_encoded,0,0,1,1,1,2,0,0,39,5362,JBEEIF+NOORIN49; NLTJGB+NOORIN14; KNQZHK+NOORIN11; WFRXYX+NOORIN10; LWWHKC+NOORIN83; OEACLU+NOORIN81,
javaidrahi-blog/gojri_look-geet-complie-by-dr-javaid-rahi-fojri-folk-songs.pdf,2.34,292,7b11232f987380c7beb4b4644519b6dc,,1,bad_text,pua,legacy_encoded,0,0,1,1,1,3,0,0,33,1978,VNZQXL+NOORIN75; EOZSTF+NOORIN01; QEHNHK+NOORIN59; DEDVIP+NOORIN82; TWPWAV+NOORIN56; WQDACH+NOORIN16,
javaidrahi-blog/guldasta_kalami_sheikh_ul_aalam-tr-dr-javaid-rahi.pdf,2.2,238,c9eedabdbbfdc5f1d77fa9a074d064df,,1,bad_text,legacy_8bit,legacy_encoded,0,0,1,1,1,3,0,0,11,2241,ULAZAH+TT239t00; ODNMDG+TT5D4t00; RFFBTU+TT242t00; VRQGOC+TT25Bt00; ZCPNNA+TT22Ct00; ZCVKPM+TT27Bt00,
javaidrahi-blog/kalam-ismail-zabai-ed-by-dr-javaid-rahi.pdf,1.37,81,d030a0d6e07143a265ac83e0783efba0,,1,bad_text,pua,legacy_encoded,0,0,1,1,1,2,0,0,22,2830,ULAZAH+TT233t00; LWMNYZ+TT25Bt00; ULAZAH+TT230t00; IPVHQJ+TT6F1t00; VRCBAT+TT23Ct00; WCASUJ+TT236t00,
javaidrahi-blog/kalam-khuda-baksh-zar-poonch-ed-by-dr-javaid-rahi.pdf,1.89,102,f9a06e974c281725695bf72c01b15ec7,,1,bad_text,legacy_8bit,legacy_encoded,0,0,1,1,1,3,0,0,17,3016,ASIQSV+NOORIN11; HUAWOV+NOORIN01; VRBBWM+NOORIN59; ASIQSV+NOORIN14; RABYKY+NOORIN13; DUCRGK+NOORIN48,
javaidrahi-blog/kulyate_rana_fazal_hussan_ed-dr-javaid-rah.pdf,5.23,494,0651aaacb02d9f936f65d96640dec062,,1,bad_text,legacy_8bit,legacy_encoded,0,0,1,1,1,3,0,0,12,3078,HXVYRX+TT239t00; KIGHPU+TT269t00; RAYMLK+TT22Ft00; RFHCWV+TT26Ft00; LPOJNC+TT237t00; IPVHQJ+TT25Bt00,
javaidrahi-blog/mahmood-rana-1.pdf,2.27,105,eee937c7e08efc98c899b31894ffeb04,,1,bad_text,pua,legacy_encoded,0,0,1,1,1,3,0,0,89,5969,UNZOVZ+NOORIN63; DEDVIP+NOORIN13; QEHNHK+NOORIC02; LGAZPG+NOORIN06; GMTXSU+NOORIN50; MXXPGP+NOORIN05,
javaidrahi-blog/sarwari-kasana-sahab-final-1.pdf,3.89,240,f49bf7297748f0f30a343b8325462825,,1,bad_text,pua,legacy_encoded,0,0,1,1,1,3,0,0,111,5448,XXCIFJ+NOORIN83; LNVZPP+NOORIN15; GMTXSU+Ghalib; GIYRNY+NOORIN85; JONZVR+NOORIN56; LGAZPG+NOORIN19,
javaidrahi-blog/the-gujjars-vol-1-ed-dr-javaid-rahi.pdf,4.07,729,8b1d1cfc9d461ee47d88e0e3b7615a3f,,1,english_prose,clean_unicode,latin,1,0,0,0,0,9,0,0,0,9598,"ABCDEE+Calibri; ABCDEE+Calibri,Bold; ABCDEE+Calibri,Italic; Arial; Arial,Bold",
javaidrahi-blog/the-gujjars-vol-3-edited-by-dr-javaid-rahi.pdf,30.43,957,1119584c7e62dbc1ac22cf7a24a632e8,,1,english_prose,clean_unicode,latin,1,0,0,0,0,9,0,0,0,4173,"ABCDEE+Calibri; ABCDEE+Cambria,Bold; ABCDEE+Calibri,Bold; Times New Roman; ABCEEE+Calibri,Bold",
javaidrahi-blog/the-gujjars-vol-4-ed-by-dr-javaid-rahi.pdf,14.76,839,8aa28959bb331ffcebe5b711b3a40bea,,1,english_prose,clean_unicode,latin,1,0,0,0,0,9,0,0,0,8551,"ABCDEE+Calibri; ABCDEE+Cambria,Bold; ABCDEE+Calibri,Bold; Arial; ABCDEE+Calibri,Italic",
javaidrahi-blog/the-gujjars-volume-5-1.pdf,6.37,438,833937710480c7bcccd31d26b21629bc,,1,english_prose,clean_unicode,latin,1,0,0,0,0,9,0,0,0,9562,"ABCDEE+Calibri; ABCDEE+Cambria,Bold; Arial; ABCDEE+Calibri,Italic",
javaidrahi-blog/the-gujjars-volume-6.pdf,6.55,626,5a83e13e290900b42842adf74315b159,,1,english_prose,clean_unicode,latin,1,0,0,0,0,9,0,0,0,8750,"ABCDEE+Calibri; ABCDEE+Calibri,Bold; ABCDEE+Calibri,Italic; Arial; ABCDEE+Cambria,Bold; ABCEEE+Times,Italic",
LOK_VIRSO_Gojri_The_Folk_Lore_of_Gujjar.pdf,54.83,117,49cf8e4ae675b5c75d7a5f612c25a68b,,1,image_only,none,none,0,0,1,0,1,3,0,0,0,0,,
MAHATMA_GANDHI_Tasweeran_Sangh_Kahani_by.pdf,40.81,60,6a6463ea2d744591ffe03c6bbcf4a503,,1,bad_text,legacy_8bit,legacy_encoded,0,0,1,0,1,2,0,0,0,45,YFVXPL+ArialMTNarrow-Bold; KVALUF+TimesNewRomanPSMT; QKJNIH+ArialMT,
QURANIC_TRANSLATION_in_GOJRI_by_Dr_Rafiq.pdf,16.65,717,16eece63d02e5c03bc7068ef650c3e83,D07,1,good_text,clean_unicode,perso_arabic,0,0,0,0,1,3,11614,0,0,0,ArialMT; HCFNPF+Calibri; OWJZTB+ArabicTypesetting; YXORDH+TraditionalArabic; WAFARB+UrduTypesetting; OWJZTB+TraditionalArabic-Bold,
