client_id	path	sentence_id	sentence	sentence_domain	up_votes	down_votes	age	gender	accents	variant	locale	segment
5e085e4f5f59f6ba46868f3cb3d69cf1e596123cd0bc6fb451a56c639490dbff7e72715d8c3677c85603576d964104cd27949c0cf77f80febcbe913aa559433e	common_voice_gju_42080146.mp3	305b6420dd5310d6772bc66193d46446f540bb68d7ba0c6eec5fac2fce211a85	یوہ واقعو سن 2006ء کو		0	2					gju	
331817112893f2fa4024f70d72b4f3f316f4412e9cab90f74107b6c31dfe446e3986d4a47b84fdb866c03321b25f54c9df96a2e76844a68a9a6f040712a3aee8	common_voice_gju_42087294.mp3	034636f08a3568c6072b3bdf8cc98da3b6eb7a3bf67557de1b5dd321e1f622ea	یہ لوک بڑی دلیری		0	2					gju	
331817112893f2fa4024f70d72b4f3f316f4412e9cab90f74107b6c31dfe446e3986d4a47b84fdb866c03321b25f54c9df96a2e76844a68a9a6f040712a3aee8	common_voice_gju_42087532.mp3	38358f6bd298a0039aa31dfe3f82520eefe87226b5e21a016bda9e940365eeab	اس نے اپنا بڑا پُوت قیوم نا کہیو جاہ بکریاں نے ڈھُونڈ کے لے آ		0	2					gju	
331817112893f2fa4024f70d72b4f3f316f4412e9cab90f74107b6c31dfe446e3986d4a47b84fdb866c03321b25f54c9df96a2e76844a68a9a6f040712a3aee8	common_voice_gju_42087545.mp3	234e3a65fad0e37945d5537e0cdb9cb64656f61a58df57a5eecb3eed99f87589	اُنھ نے اس کی بانہہ پو دورو شارو لایو		1	2					gju	
331817112893f2fa4024f70d72b4f3f316f4412e9cab90f74107b6c31dfe446e3986d4a47b84fdb866c03321b25f54c9df96a2e76844a68a9a6f040712a3aee8	common_voice_gju_42087549.mp3	2ff14b4b66735b9d37bf269678bbfc72d664b0e4dd7144cb93ee9cd4360ba3c5	سیؤاں نال روجو کھولیو		0	2					gju	
331817112893f2fa4024f70d72b4f3f316f4412e9cab90f74107b6c31dfe446e3986d4a47b84fdb866c03321b25f54c9df96a2e76844a68a9a6f040712a3aee8	common_voice_gju_42087580.mp3	29078974140b30be36a59346f7e5e371b8dcd1b5cf884584efa8cf4bfe1fca2e	اُنھ کو ایک بھائی نظام دین جس نا ماڑو ک		1	2					gju	
331817112893f2fa4024f70d72b4f3f316f4412e9cab90f74107b6c31dfe446e3986d4a47b84fdb866c03321b25f54c9df96a2e76844a68a9a6f040712a3aee8	common_voice_gju_42087586.mp3	39ae25a0e6b76e9ed014872c04452e1cb227f129c9002d85fd1a51b35d96a520	اُت ہسپتال ہالاں نے کہیو انھاں جھب جھب گلگلت لے چلوں		0	2					gju	
331817112893f2fa4024f70d72b4f3f316f4412e9cab90f74107b6c31dfe446e3986d4a47b84fdb866c03321b25f54c9df96a2e76844a68a9a6f040712a3aee8	common_voice_gju_42087614.mp3	37b1111f45dda06322701b20031dc3c2495a27c34ff0086655062770164ef0c6	یوہ واقعو # 1950 ما پیش آیو		0	2					gju	
331817112893f2fa4024f70d72b4f3f316f4412e9cab90f74107b6c31dfe446e3986d4a47b84fdb866c03321b25f54c9df96a2e76844a68a9a6f040712a3aee8	common_voice_gju_42089600.mp3	0789072300c13c6769e0ab1f15083399384f4296d6cc52f1c547a294e4d15bd9	یوہ واقعو سن 1991ء کو		0	2					gju	
331817112893f2fa4024f70d72b4f3f316f4412e9cab90f74107b6c31dfe446e3986d4a47b84fdb866c03321b25f54c9df96a2e76844a68a9a6f040712a3aee8	common_voice_gju_42089643.mp3	3e54ac1a331c95eff3ad208e36eb0530b638c313b2df897d3f168276019dfcd4	واہ اُتو نَس گئی		0	2					gju	
331817112893f2fa4024f70d72b4f3f316f4412e9cab90f74107b6c31dfe446e3986d4a47b84fdb866c03321b25f54c9df96a2e76844a68a9a6f040712a3aee8	common_voice_gju_42089675.mp3	0e2f2a88476c9f99b3474b14b8ec7c42777ecaaee9dece725f5d37516c4b076d	اُس لُڑا نے ویہ بیہہ بکری سامی		1	2					gju	
331817112893f2fa4024f70d72b4f3f316f4412e9cab90f74107b6c31dfe446e3986d4a47b84fdb866c03321b25f54c9df96a2e76844a68a9a6f040712a3aee8	common_voice_gju_42089823.mp3	3d35408195d96600f5383641956a0524c671f6fdb1bed6dbe8fd6e76a1120f23	رچھ نے اُٹھ کے ایک دم اس پو حملو کر چھُڑیو		1	2					gju	
331817112893f2fa4024f70d72b4f3f316f4412e9cab90f74107b6c31dfe446e3986d4a47b84fdb866c03321b25f54c9df96a2e76844a68a9a6f040712a3aee8	common_voice_gju_42089984.mp3	43f6f9757a063a4ab834b7b72914b39faa0157d4072998fdbc97831385693fc5	پیر بھربھانو نے مُچ نازک کر چھُڑیا تھا		0	2					gju	
331817112893f2fa4024f70d72b4f3f316f4412e9cab90f74107b6c31dfe446e3986d4a47b84fdb866c03321b25f54c9df96a2e76844a68a9a6f040712a3aee8	common_voice_gju_42090020.mp3	3a34b1b7872154e08fbbc60e079786b45de8c9c12563cb5d082578601e73cd41	غلطیاں نا درست کر کے اپنی زندگی کامیاب کرن کی کوشش کرتا رہ گا		1	2					gju	
331817112893f2fa4024f70d72b4f3f316f4412e9cab90f74107b6c31dfe446e3986d4a47b84fdb866c03321b25f54c9df96a2e76844a68a9a6f040712a3aee8	common_voice_gju_42090387.mp3	43cad3d154d2336caf310e71ccb02ef77f28431ad83d80e9abf80579cca0a6e2	کیل ہالاں نے اُتو مظفرآباد چلا چھُڑیو		0	2					gju	
331817112893f2fa4024f70d72b4f3f316f4412e9cab90f74107b6c31dfe446e3986d4a47b84fdb866c03321b25f54c9df96a2e76844a68a9a6f040712a3aee8	common_voice_gju_42090436.mp3	4eb467da8f9a5045b25294b6df1c7777f24c77341910fee47ae97d6af9c62820	ڈیرا کاگان کی ندی پو موڑ آنیا		0	2					gju	
331817112893f2fa4024f70d72b4f3f316f4412e9cab90f74107b6c31dfe446e3986d4a47b84fdb866c03321b25f54c9df96a2e76844a68a9a6f040712a3aee8	common_voice_gju_42090484.mp3	3a16b3b3594bd9c3947022f5e99e503987699ce550d504c411eb630a56cadf51	یوہ واقعو سن 1982ء کو		0	2					gju	
331817112893f2fa4024f70d72b4f3f316f4412e9cab90f74107b6c31dfe446e3986d4a47b84fdb866c03321b25f54c9df96a2e76844a68a9a6f040712a3aee8	common_voice_gju_42090501.mp3	4cba46f5910c2f88a6f4f4580de4530fb9944cdb09e429230b4ead0675c6896b	تیرہموواقعو		1	2					gju	
331817112893f2fa4024f70d72b4f3f316f4412e9cab90f74107b6c31dfe446e3986d4a47b84fdb866c03321b25f54c9df96a2e76844a68a9a6f040712a3aee8	common_voice_gju_42090762.mp3	4c95f8b429e79af2dd997b13cb27d860849ffc0abacfaa62e60c59b2931a3027	یوہ واقعو سن2015 ء کو		0	2					gju	
331817112893f2fa4024f70d72b4f3f316f4412e9cab90f74107b6c31dfe446e3986d4a47b84fdb866c03321b25f54c9df96a2e76844a68a9a6f040712a3aee8	common_voice_gju_42090931.mp3	40b1860e21e7698daa970736c2195a3c7e20a9a0e6d2a64c5d8b880b0e334d5f	یوہ واقعو سن 1973 کو		0	2					gju	
331817112893f2fa4024f70d72b4f3f316f4412e9cab90f74107b6c31dfe446e3986d4a47b84fdb866c03321b25f54c9df96a2e76844a68a9a6f040712a3aee8	common_voice_gju_42091295.mp3	53bb88795b751689c289d8013babfd90a7513e5ca7e3a4665b04ce2686716de2	یوہ واقعو 1998ء کو		0	2					gju	
331817112893f2fa4024f70d72b4f3f316f4412e9cab90f74107b6c31dfe446e3986d4a47b84fdb866c03321b25f54c9df96a2e76844a68a9a6f040712a3aee8	common_voice_gju_42091399.mp3	5da25abd344315ea06db23a5b0c4f5f47a29bdc7cb6c59da7fade420d9d5fc4c	یوہ واقعو سن 1999ء کو		0	2					gju	
5e085e4f5f59f6ba46868f3cb3d69cf1e596123cd0bc6fb451a56c639490dbff7e72715d8c3677c85603576d964104cd27949c0cf77f80febcbe913aa559433e	common_voice_gju_42099679.mp3	76ec67e7e99d67ae4838206d9512a928a2834d3cb206945449482c74842c1adc	اُت فوجیاں نے اِنھ کی مُچ خذمت کری		1	2	fourties				gju	
331817112893f2fa4024f70d72b4f3f316f4412e9cab90f74107b6c31dfe446e3986d4a47b84fdb866c03321b25f54c9df96a2e76844a68a9a6f040712a3aee8	common_voice_gju_42100273.mp3	67eca930687bea115b97ab5139553fc41d745577e1c79e8f69d1068a5f6d1604	یوہ واقعو سن 2002ء کو		0	2					gju	
331817112893f2fa4024f70d72b4f3f316f4412e9cab90f74107b6c31dfe446e3986d4a47b84fdb866c03321b25f54c9df96a2e76844a68a9a6f040712a3aee8	common_voice_gju_42100427.mp3	625635ca0e4100e1ff511ae8552b9e3ab6c6a10e80aee4358c87d6f75217ca54	یوہ واقعو سن 2009ء کو		0	2					gju	
331817112893f2fa4024f70d72b4f3f316f4412e9cab90f74107b6c31dfe446e3986d4a47b84fdb866c03321b25f54c9df96a2e76844a68a9a6f040712a3aee8	common_voice_gju_42100500.mp3	751be9d65aba0ad4c707be33d6c776541178b1d4bab70885066e5338b67c7ec4	کالی اُن کا اِنو کنی کر کے َچھٹ ما گھلیا		0	2					gju	
331817112893f2fa4024f70d72b4f3f316f4412e9cab90f74107b6c31dfe446e3986d4a47b84fdb866c03321b25f54c9df96a2e76844a68a9a6f040712a3aee8	common_voice_gju_42100600.mp3	6f64639d3a264bb65e703db5da729b82636e6acc470864edf48847718e018b68	حاجی نزیر نے مولوی عبداللہ نا کہیو مولوی صاحب منا لکھی ختم پڑھ کے دیوؤں ٹیم پہی زیادہ لگ جائے		0	2					gju	
331817112893f2fa4024f70d72b4f3f316f4412e9cab90f74107b6c31dfe446e3986d4a47b84fdb866c03321b25f54c9df96a2e76844a68a9a6f040712a3aee8	common_voice_gju_42100627.mp3	7fb08dbcead6b1646a957b37f6e7c08d3ce2e99808f537b6a8d051ce6ac54ac6	یوہ واقعو سن ۰۸۹۱ء کو		0	2					gju	
331817112893f2fa4024f70d72b4f3f316f4412e9cab90f74107b6c31dfe446e3986d4a47b84fdb866c03321b25f54c9df96a2e76844a68a9a6f040712a3aee8	common_voice_gju_42100684.mp3	4c616e996f0b38eb55836f928000935abd2b9615d41c38a95d598d6391f5af01	گَڈی منگی ویہ چنگا لوک تھا اُنھاں نے اپنی جیپ چا دِتی		1	2					gju	
331817112893f2fa4024f70d72b4f3f316f4412e9cab90f74107b6c31dfe446e3986d4a47b84fdb866c03321b25f54c9df96a2e76844a68a9a6f040712a3aee8	common_voice_gju_42101014.mp3	8341d342f724173504ddb59f6ce13c16f83ccca24874cf389fc5335f97b8f109	ہوں اُتو بھی نس گیو		1	2					gju	
331817112893f2fa4024f70d72b4f3f316f4412e9cab90f74107b6c31dfe446e3986d4a47b84fdb866c03321b25f54c9df96a2e76844a68a9a6f040712a3aee8	common_voice_gju_42101080.mp3	68957001020a78addce2ad81b4ce541c10d280cd13285edde2ad2b49db3ed588	دینہہ کی نماز ما دو سنت تے ترے فدرض ہوویں۔		1	2					gju	
5e085e4f5f59f6ba46868f3cb3d69cf1e596123cd0bc6fb451a56c639490dbff7e72715d8c3677c85603576d964104cd27949c0cf77f80febcbe913aa559433e	common_voice_gju_42101581.mp3	7cebbbd2459fbf751062bf931094f8294170dce8e5ac6d62327094ef75e2ed88	یوہ واقعو سن 2013 کو		0	2	fourties				gju	
331817112893f2fa4024f70d72b4f3f316f4412e9cab90f74107b6c31dfe446e3986d4a47b84fdb866c03321b25f54c9df96a2e76844a68a9a6f040712a3aee8	common_voice_gju_42101651.mp3	540f8cf4342a0043146ef1fafaeb78868b2f6822c7d224ee08e8fde717229dd6	کاہڈ جرگا ہالاں نے فیصلو کیو جے تَم اس کا بَدلا ما بیٹکی دے کے اس بیاہ بے کراؤں		0	2					gju	
5e085e4f5f59f6ba46868f3cb3d69cf1e596123cd0bc6fb451a56c639490dbff7e72715d8c3677c85603576d964104cd27949c0cf77f80febcbe913aa559433e	common_voice_gju_42101703.mp3	9bc2e07e06e4f2f904ecacffca257a0f9bfb7e38c8f8d514ff7fbdecb41e033d	یوہ2011 کو افسوس ناک واقعو		0	2	fourties				gju	
331817112893f2fa4024f70d72b4f3f316f4412e9cab90f74107b6c31dfe446e3986d4a47b84fdb866c03321b25f54c9df96a2e76844a68a9a6f040712a3aee8	common_voice_gju_42101926.mp3	1e8f65f724b27ec565b3f0d20574bf271b42fee00729b33171b2a9d7ff3d2acd	یوہ واقعو 2007 ما بانیا قوم کا ایک قبیلہ کا ایک جناغلام حسن		0	2					gju	
331817112893f2fa4024f70d72b4f3f316f4412e9cab90f74107b6c31dfe446e3986d4a47b84fdb866c03321b25f54c9df96a2e76844a68a9a6f040712a3aee8	common_voice_gju_42102048.mp3	a9dc7f63d66c942cd7d8303c0fc94a39f80b98fb688f2caf070c7a60729464db	دوا لائی		0	2					gju	
5e085e4f5f59f6ba46868f3cb3d69cf1e596123cd0bc6fb451a56c639490dbff7e72715d8c3677c85603576d964104cd27949c0cf77f80febcbe913aa559433e	common_voice_gju_42102362.mp3	5554e9d34036e0c830b70b2194ea2f8dbb0b2b03674a388dd2c9c8adc684aa0e	1962ء ما کجھ اجڑیاں کا ڈیرا بَر کالا پانی پرانا مدان ما رہیا		0	2	fourties				gju	
5e085e4f5f59f6ba46868f3cb3d69cf1e596123cd0bc6fb451a56c639490dbff7e72715d8c3677c85603576d964104cd27949c0cf77f80febcbe913aa559433e	common_voice_gju_42102556.mp3	b2cba6f51744d18b508c2be62d604b85f567dbe59a2b29bc0affccdf21ce6c43	یوہ واقعو سن 2011ء کو		0	2	fourties				gju	
5e085e4f5f59f6ba46868f3cb3d69cf1e596123cd0bc6fb451a56c639490dbff7e72715d8c3677c85603576d964104cd27949c0cf77f80febcbe913aa559433e	common_voice_gju_42103163.mp3	a55db3a27ddd3a956e5141ce635948cbc59f4af6f0c908fe1ca5a3aad30dd54c	ہمنا اس چیز کو خیال رکھنو		1	2	fourties				gju	
5e085e4f5f59f6ba46868f3cb3d69cf1e596123cd0bc6fb451a56c639490dbff7e72715d8c3677c85603576d964104cd27949c0cf77f80febcbe913aa559433e	common_voice_gju_42106560.mp3	81fbcc345c2b410afe62f79242f168c1b1161b25d5704b1faf158c1c5ebb3863	وہ جنو کدے نیکی نی کرے تھو		0	2	fourties				gju	
5e085e4f5f59f6ba46868f3cb3d69cf1e596123cd0bc6fb451a56c639490dbff7e72715d8c3677c85603576d964104cd27949c0cf77f80febcbe913aa559433e	common_voice_gju_42106563.mp3	a30ab9fade116ca4f108cece9804784ede4594c6e223f3ab95b5a845cd2e9ab5	حضرت محمد ﷺ کی بارہ ڈٰیرا آلی ہیں۔		0	2	fourties				gju	
5e085e4f5f59f6ba46868f3cb3d69cf1e596123cd0bc6fb451a56c639490dbff7e72715d8c3677c85603576d964104cd27949c0cf77f80febcbe913aa559433e	common_voice_gju_42106564.mp3	a041a0a62b59aa2786889771d702418be86448d9b74616a18c36ca902b3726f8	الائی کا ایوب خان کولے لے آیا		0	2	fourties				gju	
5e085e4f5f59f6ba46868f3cb3d69cf1e596123cd0bc6fb451a56c639490dbff7e72715d8c3677c85603576d964104cd27949c0cf77f80febcbe913aa559433e	common_voice_gju_42106597.mp3	c8b2336ee1e7e55aca1261ea9767ad625db65565537cfa112faa9a683ba00863	حاجی صاحب نے کہیو اس کا ڈیرا نا لَدو اِنھ کی کچر پل ما بَدھی وی تھی اِنھاں نے کچر پِیڑی		1	2	fourties				gju	
5e085e4f5f59f6ba46868f3cb3d69cf1e596123cd0bc6fb451a56c639490dbff7e72715d8c3677c85603576d964104cd27949c0cf77f80febcbe913aa559433e	common_voice_gju_42106670.mp3	7618b6e5ef83e8b83d1dd832ce8edd7af9d76453f4742b8740ae44f505bd39f0	جنازو رکھ کے روانہ ہو گیا راہ ما خالق کی ٹبری اس کا جاتک		0	2	fourties				gju	
5e085e4f5f59f6ba46868f3cb3d69cf1e596123cd0bc6fb451a56c639490dbff7e72715d8c3677c85603576d964104cd27949c0cf77f80febcbe913aa559433e	common_voice_gju_42106671.mp3	20e385c5108878cf4f79c3dfe2821961c2e5f07f0a9b09218f62593db27af27b	حاجی میاں نظام دین بلادری کا لوکاں کا اس تعاون کو مُچ شکر گُزار		0	2	fourties				gju	
5e085e4f5f59f6ba46868f3cb3d69cf1e596123cd0bc6fb451a56c639490dbff7e72715d8c3677c85603576d964104cd27949c0cf77f80febcbe913aa559433e	common_voice_gju_42106778.mp3	b3c880762f6f0fe503842026a8bc7db7870fd4f3e59d9ff7537023903af2372c	میرا ماں باپ پرشان تھا کہ میرو بیاہ ہو جائے		0	2	fourties				gju	
5e085e4f5f59f6ba46868f3cb3d69cf1e596123cd0bc6fb451a56c639490dbff7e72715d8c3677c85603576d964104cd27949c0cf77f80febcbe913aa559433e	common_voice_gju_42107095.mp3	98b94b0ae740e15440df7c5b9af4501e537584c406e664b0b88bc7bf32776e96	مُچ با اس نے ایک ہمت کری جے ایک ہتھ ما کُہاڑی کے نال رچھنی کا نک پو ماری		0	2	fourties				gju	
5e085e4f5f59f6ba46868f3cb3d69cf1e596123cd0bc6fb451a56c639490dbff7e72715d8c3677c85603576d964104cd27949c0cf77f80febcbe913aa559433e	common_voice_gju_42107107.mp3	a84c4e2f00fe3d3a4799fa11042d5e03fa4826f98c75caad3f23f9f44cdb863f	دیسی لوکاں نے یہ جنازا ان کے نال ہو کے دفنایا		1	2	fourties				gju	
5e085e4f5f59f6ba46868f3cb3d69cf1e596123cd0bc6fb451a56c639490dbff7e72715d8c3677c85603576d964104cd27949c0cf77f80febcbe913aa559433e	common_voice_gju_42107163.mp3	b49751b2e089010760e5af2a02a2b158ee0d45c9e124146e5daf739b9ff18e1b	عیداں کی نماز ما زیادہ تکبیر کہنی۔		1	2	fourties				gju	
5e085e4f5f59f6ba46868f3cb3d69cf1e596123cd0bc6fb451a56c639490dbff7e72715d8c3677c85603576d964104cd27949c0cf77f80febcbe913aa559433e	common_voice_gju_42107223.mp3	d0e0ff9207430dc3ca545c292dd66b1db18f62c55161586add9d175eca4ab07f	اگے اشفاق کو جنازو دھریو تھو		1	2	fourties				gju	
331817112893f2fa4024f70d72b4f3f316f4412e9cab90f74107b6c31dfe446e3986d4a47b84fdb866c03321b25f54c9df96a2e76844a68a9a6f040712a3aee8	common_voice_gju_42107284.mp3	6cd9e524ce8278d16d87336a2566d334f6512b0b55723b8b29c991aff985c2c2	یوہ واقعو 1983 ما بانیا بلادری کا نال پیش آیو		0	2					gju	
331817112893f2fa4024f70d72b4f3f316f4412e9cab90f74107b6c31dfe446e3986d4a47b84fdb866c03321b25f54c9df96a2e76844a68a9a6f040712a3aee8	common_voice_gju_42107328.mp3	ced80ad8fd9eaa0c41f71bd1961a6a5de68ced7832f625c03b1495ab24288435	لوکاں کول کھان		1	2					gju	
331817112893f2fa4024f70d72b4f3f316f4412e9cab90f74107b6c31dfe446e3986d4a47b84fdb866c03321b25f54c9df96a2e76844a68a9a6f040712a3aee8	common_voice_gju_42107333.mp3	c3a0be90a2bf22b93b4419209424e2839b1ac92d97440762f754d7d6683c88e2	محمد یونس کو پُوت دوہاں مہینہ کو تھو		0	2					gju	
331817112893f2fa4024f70d72b4f3f316f4412e9cab90f74107b6c31dfe446e3986d4a47b84fdb866c03321b25f54c9df96a2e76844a68a9a6f040712a3aee8	common_voice_gju_42107348.mp3	ab82bec124d59f5ef772a66883eb75012e0ff995cd526079f34e66313397c157	ان نے چاہ شاہ پکا کے پی کے ارام نال گیا بھی لو بھی کُھل گئی		1	2					gju	
331817112893f2fa4024f70d72b4f3f316f4412e9cab90f74107b6c31dfe446e3986d4a47b84fdb866c03321b25f54c9df96a2e76844a68a9a6f040712a3aee8	common_voice_gju_42107381.mp3	3ffe949b9ba91a95251f03b92a6ef2db554fa171f5e774a8d5e8228260782eda	ست اکتوبر سن2007ء مُنگلار کے دھیاڑے خان پور ما جنازو پڑھیو		0	2					gju	
331817112893f2fa4024f70d72b4f3f316f4412e9cab90f74107b6c31dfe446e3986d4a47b84fdb866c03321b25f54c9df96a2e76844a68a9a6f040712a3aee8	common_voice_gju_42107446.mp3	acfd6a791925c75a8d8864215b880985040065163a14235dddccb406eaeadc4c	ہون یاہ درداں ہالی گھان مُک گئی		1	2					gju	
331817112893f2fa4024f70d72b4f3f316f4412e9cab90f74107b6c31dfe446e3986d4a47b84fdb866c03321b25f54c9df96a2e76844a68a9a6f040712a3aee8	common_voice_gju_42107449.mp3	ed7f68163a9faab1f8fdc0e602208945f6cf2207dae5fbb06d4b8dd6243e2001	یوہ واقعو سال 2014ء کو		0	2					gju	
331817112893f2fa4024f70d72b4f3f316f4412e9cab90f74107b6c31dfe446e3986d4a47b84fdb866c03321b25f54c9df96a2e76844a68a9a6f040712a3aee8	common_voice_gju_42107462.mp3	c094bc29793cad98e0e598b54bd6811416793403ea6c67507842a8a928484020	اُت ایک جنو آیو کہن لگو اس جاتک نا ہوں ساموں گو		1	2					gju	
331817112893f2fa4024f70d72b4f3f316f4412e9cab90f74107b6c31dfe446e3986d4a47b84fdb866c03321b25f54c9df96a2e76844a68a9a6f040712a3aee8	common_voice_gju_42107595.mp3	f569c23672a8d52cc68e5f0959ef6974fd9cc45e7c7effe0fd16f679780ca8c2	یوہ واقعو # 1996 ما کاغان ما پیش آیو		0	2					gju	
331817112893f2fa4024f70d72b4f3f316f4412e9cab90f74107b6c31dfe446e3986d4a47b84fdb866c03321b25f54c9df96a2e76844a68a9a6f040712a3aee8	common_voice_gju_42108153.mp3	e97c1d2b4d80e828276dc305298c6c19cdefb56ea78c3ed326ca641c2e34f44d	کچر ک		1	2					gju	
331817112893f2fa4024f70d72b4f3f316f4412e9cab90f74107b6c31dfe446e3986d4a47b84fdb866c03321b25f54c9df96a2e76844a68a9a6f040712a3aee8	common_voice_gju_42108154.mp3	305b6420dd5310d6772bc66193d46446f540bb68d7ba0c6eec5fac2fce211a85	یوہ واقعو سن 2006ء کو		0	2					gju	
5e085e4f5f59f6ba46868f3cb3d69cf1e596123cd0bc6fb451a56c639490dbff7e72715d8c3677c85603576d964104cd27949c0cf77f80febcbe913aa559433e	common_voice_gju_42108483.mp3	0d71b198c08f34f9460c9a43a90235080e150d6b603fdf6b8d616c3075a178f9	راہ ما ہم نا ایک جنو لَبھ گیو		1	2	fourties				gju	
5e085e4f5f59f6ba46868f3cb3d69cf1e596123cd0bc6fb451a56c639490dbff7e72715d8c3677c85603576d964104cd27949c0cf77f80febcbe913aa559433e	common_voice_gju_42108486.mp3	f467d4c2a858d688c80b3f84679fa3ce5452591c832c1cb3639e8fcb60161917	یہ پریشان ہویا جے لیلو		1	2	fourties				gju	
331817112893f2fa4024f70d72b4f3f316f4412e9cab90f74107b6c31dfe446e3986d4a47b84fdb866c03321b25f54c9df96a2e76844a68a9a6f040712a3aee8	common_voice_gju_42108530.mp3	868a37d41f549365e6ee4fd3811dd43c79ea9a052d3ca8f65d7ec0371cb16d92	گُمی اِکا بکری کاڑ ما		1	2					gju	
331817112893f2fa4024f70d72b4f3f316f4412e9cab90f74107b6c31dfe446e3986d4a47b84fdb866c03321b25f54c9df96a2e76844a68a9a6f040712a3aee8	common_voice_gju_42108564.mp3	f0a2c1b164c06c7ab18a075c55be12996b10e114393c1c3e010d6dc6f9040f7e	یو ہ واقعو سن 1987ء کو		0	2					gju	
331817112893f2fa4024f70d72b4f3f316f4412e9cab90f74107b6c31dfe446e3986d4a47b84fdb866c03321b25f54c9df96a2e76844a68a9a6f040712a3aee8	common_voice_gju_42108566.mp3	f41528fb63852d7199b90246bf12b113315d6382c08239e6a7444f2e77f7ffae	یہ رات اُ		0	2					gju	
331817112893f2fa4024f70d72b4f3f316f4412e9cab90f74107b6c31dfe446e3986d4a47b84fdb866c03321b25f54c9df96a2e76844a68a9a6f040712a3aee8	common_voice_gju_42109025.mp3	fa26817bd75fae18cb2f7f641140cfcfe9bddd3142a6cf8ae9de54bb301c5a18	جناں نے بکری کوہی۔		1	2					gju	
331817112893f2fa4024f70d72b4f3f316f4412e9cab90f74107b6c31dfe446e3986d4a47b84fdb866c03321b25f54c9df96a2e76844a68a9a6f040712a3aee8	common_voice_gju_42109048.mp3	b9ad426cc7bff1deee18cdf5278ff7bc3324a258aaf44a126295acd311cb6c97	کچر کاہڈ رہ گئی		1	2					gju	
331817112893f2fa4024f70d72b4f3f316f4412e9cab90f74107b6c31dfe446e3986d4a47b84fdb866c03321b25f54c9df96a2e76844a68a9a6f040712a3aee8	common_voice_gju_42109075.mp3	f5a0219eaf203822acd8b7d5523f170b669b22eb948e7a29100dd3e5247291ee	لانی نے لُڑا مار چھُڑیا		1	2					gju	
331817112893f2fa4024f70d72b4f3f316f4412e9cab90f74107b6c31dfe446e3986d4a47b84fdb866c03321b25f54c9df96a2e76844a68a9a6f040712a3aee8	common_voice_gju_42109109.mp3	7cebbbd2459fbf751062bf931094f8294170dce8e5ac6d62327094ef75e2ed88	یوہ واقعو سن 2013 کو		0	2					gju	
331817112893f2fa4024f70d72b4f3f316f4412e9cab90f74107b6c31dfe446e3986d4a47b84fdb866c03321b25f54c9df96a2e76844a68a9a6f040712a3aee8	common_voice_gju_42109200.mp3	b2cba6f51744d18b508c2be62d604b85f567dbe59a2b29bc0affccdf21ce6c43	یوہ واقعو سن 2011ء کو		0	2					gju	
331817112893f2fa4024f70d72b4f3f316f4412e9cab90f74107b6c31dfe446e3986d4a47b84fdb866c03321b25f54c9df96a2e76844a68a9a6f040712a3aee8	common_voice_gju_42109308.mp3	9bc2e07e06e4f2f904ecacffca257a0f9bfb7e38c8f8d514ff7fbdecb41e033d	یوہ2011 کو افسوس ناک واقعو		0	2					gju	
331817112893f2fa4024f70d72b4f3f316f4412e9cab90f74107b6c31dfe446e3986d4a47b84fdb866c03321b25f54c9df96a2e76844a68a9a6f040712a3aee8	common_voice_gju_42109314.mp3	5554e9d34036e0c830b70b2194ea2f8dbb0b2b03674a388dd2c9c8adc684aa0e	1962ء ما کجھ اجڑیاں کا ڈیرا بَر کالا پانی پرانا مدان ما رہیا		0	2					gju	
331817112893f2fa4024f70d72b4f3f316f4412e9cab90f74107b6c31dfe446e3986d4a47b84fdb866c03321b25f54c9df96a2e76844a68a9a6f040712a3aee8	common_voice_gju_42112550.mp3	d189feff244a671ab5e3e968998f31f80043a39df53c5878e9451b76be9b78c7	بکری اوکھی جا ما تھی اس نے بکری کڈھ کے پجا ما سٹی۔		1	2	fourties				gju	
331817112893f2fa4024f70d72b4f3f316f4412e9cab90f74107b6c31dfe446e3986d4a47b84fdb866c03321b25f54c9df96a2e76844a68a9a6f040712a3aee8	common_voice_gju_42112609.mp3	edaa1cf106796474a9e02e0d970537002c664fbf5688c259d9df786c748d91c0	یوہ واقعو سن 1950ء کو		0	2	fourties				gju	
421e1ebc97f059375f20b63add9d3c83a0f650195890c8b4f22559f237a9cd29922ce4ce74842b3ac6dc45f35fb048aba4f0014d8821b37a17692a70be5b3b50	common_voice_gju_42121542.mp3	3a16b3b3594bd9c3947022f5e99e503987699ce550d504c411eb630a56cadf51	یوہ واقعو سن 1982ء کو		0	2					gju	
421e1ebc97f059375f20b63add9d3c83a0f650195890c8b4f22559f237a9cd29922ce4ce74842b3ac6dc45f35fb048aba4f0014d8821b37a17692a70be5b3b50	common_voice_gju_42121870.mp3	37b1111f45dda06322701b20031dc3c2495a27c34ff0086655062770164ef0c6	یوہ واقعو # 1950 ما پیش آیو		0	2					gju	
421e1ebc97f059375f20b63add9d3c83a0f650195890c8b4f22559f237a9cd29922ce4ce74842b3ac6dc45f35fb048aba4f0014d8821b37a17692a70be5b3b50	common_voice_gju_42121893.mp3	36cd7ed1d79954e2b5a1396fa48e98eef7a4e0073ddcc453ed1e122228a58572	ٰؓبیمار بیٹکی نا دیکھن گیا۔		0	2					gju	
5e085e4f5f59f6ba46868f3cb3d69cf1e596123cd0bc6fb451a56c639490dbff7e72715d8c3677c85603576d964104cd27949c0cf77f80febcbe913aa559433e	common_voice_gju_42137258.mp3	1e8f65f724b27ec565b3f0d20574bf271b42fee00729b33171b2a9d7ff3d2acd	یوہ واقعو 2007 ما بانیا قوم کا ایک قبیلہ کا ایک جناغلام حسن		0	2	fourties				gju	
5e085e4f5f59f6ba46868f3cb3d69cf1e596123cd0bc6fb451a56c639490dbff7e72715d8c3677c85603576d964104cd27949c0cf77f80febcbe913aa559433e	common_voice_gju_42137477.mp3	0789072300c13c6769e0ab1f15083399384f4296d6cc52f1c547a294e4d15bd9	یوہ واقعو سن 1991ء کو		0	2	fourties				gju	
5e085e4f5f59f6ba46868f3cb3d69cf1e596123cd0bc6fb451a56c639490dbff7e72715d8c3677c85603576d964104cd27949c0cf77f80febcbe913aa559433e	common_voice_gju_42167327.mp3	53bb88795b751689c289d8013babfd90a7513e5ca7e3a4665b04ce2686716de2	یوہ واقعو 1998ء کو		0	2	fourties				gju	
5e085e4f5f59f6ba46868f3cb3d69cf1e596123cd0bc6fb451a56c639490dbff7e72715d8c3677c85603576d964104cd27949c0cf77f80febcbe913aa559433e	common_voice_gju_42167381.mp3	163b99d3c664b30d12251631cf317d4ccd0202d31080f9ff0e4af63231d98546	اُت ٹھیکیدار لوک تھا اُنھ		1	2	fourties				gju	
5e085e4f5f59f6ba46868f3cb3d69cf1e596123cd0bc6fb451a56c639490dbff7e72715d8c3677c85603576d964104cd27949c0cf77f80febcbe913aa559433e	common_voice_gju_42167697.mp3	40b1860e21e7698daa970736c2195a3c7e20a9a0e6d2a64c5d8b880b0e334d5f	یوہ واقعو سن 1973 کو		0	2	fourties				gju	
5e085e4f5f59f6ba46868f3cb3d69cf1e596123cd0bc6fb451a56c639490dbff7e72715d8c3677c85603576d964104cd27949c0cf77f80febcbe913aa559433e	common_voice_gju_42179680.mp3	581965657d14e08e9b74cdfbe4eaec701ccdc59fa1726bbb38938262c3f06e82	اس نے اُتو اپنا بھائی چرمین حنیف تا فون کیو		0	2	fourties				gju	
5e085e4f5f59f6ba46868f3cb3d69cf1e596123cd0bc6fb451a56c639490dbff7e72715d8c3677c85603576d964104cd27949c0cf77f80febcbe913aa559433e	common_voice_gju_42179832.mp3	625635ca0e4100e1ff511ae8552b9e3ab6c6a10e80aee4358c87d6f75217ca54	یوہ واقعو سن 2009ء کو		0	2	fourties				gju	
5e085e4f5f59f6ba46868f3cb3d69cf1e596123cd0bc6fb451a56c639490dbff7e72715d8c3677c85603576d964104cd27949c0cf77f80febcbe913aa559433e	common_voice_gju_42188207.mp3	67eca930687bea115b97ab5139553fc41d745577e1c79e8f69d1068a5f6d1604	یوہ واقعو سن 2002ء کو		0	2	fourties				gju	
5e085e4f5f59f6ba46868f3cb3d69cf1e596123cd0bc6fb451a56c639490dbff7e72715d8c3677c85603576d964104cd27949c0cf77f80febcbe913aa559433e	common_voice_gju_42195297.mp3	5da25abd344315ea06db23a5b0c4f5f47a29bdc7cb6c59da7fade420d9d5fc4c	یوہ واقعو سن 1999ء کو		0	2	fourties				gju	
5e085e4f5f59f6ba46868f3cb3d69cf1e596123cd0bc6fb451a56c639490dbff7e72715d8c3677c85603576d964104cd27949c0cf77f80febcbe913aa559433e	common_voice_gju_42195507.mp3	7fb08dbcead6b1646a957b37f6e7c08d3ce2e99808f537b6a8d051ce6ac54ac6	یوہ واقعو سن ۰۸۹۱ء کو		0	2	fourties				gju	
5e085e4f5f59f6ba46868f3cb3d69cf1e596123cd0bc6fb451a56c639490dbff7e72715d8c3677c85603576d964104cd27949c0cf77f80febcbe913aa559433e	common_voice_gju_42196051.mp3	6cd9e524ce8278d16d87336a2566d334f6512b0b55723b8b29c991aff985c2c2	یوہ واقعو 1983 ما بانیا بلادری کا نال پیش آیو		0	2	fourties				gju	
5e085e4f5f59f6ba46868f3cb3d69cf1e596123cd0bc6fb451a56c639490dbff7e72715d8c3677c85603576d964104cd27949c0cf77f80febcbe913aa559433e	common_voice_gju_42197219.mp3	4c95f8b429e79af2dd997b13cb27d860849ffc0abacfaa62e60c59b2931a3027	یوہ واقعو سن2015 ء کو		0	2	fourties				gju	
5e085e4f5f59f6ba46868f3cb3d69cf1e596123cd0bc6fb451a56c639490dbff7e72715d8c3677c85603576d964104cd27949c0cf77f80febcbe913aa559433e	common_voice_gju_42198095.mp3	ed7f68163a9faab1f8fdc0e602208945f6cf2207dae5fbb06d4b8dd6243e2001	یوہ واقعو سال 2014ء کو		0	2	fourties				gju	
5e085e4f5f59f6ba46868f3cb3d69cf1e596123cd0bc6fb451a56c639490dbff7e72715d8c3677c85603576d964104cd27949c0cf77f80febcbe913aa559433e	common_voice_gju_42199233.mp3	edaa1cf106796474a9e02e0d970537002c664fbf5688c259d9df786c748d91c0	یوہ واقعو سن 1950ء کو		0	2	fourties				gju	
5e085e4f5f59f6ba46868f3cb3d69cf1e596123cd0bc6fb451a56c639490dbff7e72715d8c3677c85603576d964104cd27949c0cf77f80febcbe913aa559433e	common_voice_gju_42199272.mp3	f0a2c1b164c06c7ab18a075c55be12996b10e114393c1c3e010d6dc6f9040f7e	یو ہ واقعو سن 1987ء کو		0	2	fourties				gju	
5e085e4f5f59f6ba46868f3cb3d69cf1e596123cd0bc6fb451a56c639490dbff7e72715d8c3677c85603576d964104cd27949c0cf77f80febcbe913aa559433e	common_voice_gju_42199870.mp3	f569c23672a8d52cc68e5f0959ef6974fd9cc45e7c7effe0fd16f679780ca8c2	یوہ واقعو # 1996 ما کاغان ما پیش آیو		0	2	fourties				gju	
5e085e4f5f59f6ba46868f3cb3d69cf1e596123cd0bc6fb451a56c639490dbff7e72715d8c3677c85603576d964104cd27949c0cf77f80febcbe913aa559433e	common_voice_gju_42200263.mp3	3a16b3b3594bd9c3947022f5e99e503987699ce550d504c411eb630a56cadf51	یوہ واقعو سن 1982ء کو		0	2	fourties				gju	
5e085e4f5f59f6ba46868f3cb3d69cf1e596123cd0bc6fb451a56c639490dbff7e72715d8c3677c85603576d964104cd27949c0cf77f80febcbe913aa559433e	common_voice_gju_42200319.mp3	f9337546df553d6359b18baa31ca7b41b4c1d802e8f9c13ba7ec3dbba753495b	اس نے ہمت کر کے اپنی بانہہ		1	2	fourties				gju	
5e085e4f5f59f6ba46868f3cb3d69cf1e596123cd0bc6fb451a56c639490dbff7e72715d8c3677c85603576d964104cd27949c0cf77f80febcbe913aa559433e	common_voice_gju_42200438.mp3	3ffe949b9ba91a95251f03b92a6ef2db554fa171f5e774a8d5e8228260782eda	ست اکتوبر سن2007ء مُنگلار کے دھیاڑے خان پور ما جنازو پڑھیو		0	2	fourties				gju	
5e085e4f5f59f6ba46868f3cb3d69cf1e596123cd0bc6fb451a56c639490dbff7e72715d8c3677c85603576d964104cd27949c0cf77f80febcbe913aa559433e	common_voice_gju_42200500.mp3	37b1111f45dda06322701b20031dc3c2495a27c34ff0086655062770164ef0c6	یوہ واقعو # 1950 ما پیش آیو		0	2	fourties				gju	
e69eb016680eef56346636ac003684bd9fd7711cf36c62010a88cbc9204d8711a9c99e9a569d09f7d83a9b680403166438540ae8cf980a4399c10579463de92d	common_voice_gju_42408934.mp3	1843671f779c1bd0274a427ea4ee036ab71e8432bcb4d03d9ac8aac1339c3b6d	کے ہوانو لے کے آیو		1	2	thirties				gju	
331817112893f2fa4024f70d72b4f3f316f4412e9cab90f74107b6c31dfe446e3986d4a47b84fdb866c03321b25f54c9df96a2e76844a68a9a6f040712a3aee8	common_voice_gju_42476327.mp3	dc0f232375332f78f46bb74fe8c7e93e3dcb9e92fd66185291db77d34b68f899	ہوں ستاں زمیناں کے ہیٹھ لہہ ایو ہے		1	2	fourties				gju	
331817112893f2fa4024f70d72b4f3f316f4412e9cab90f74107b6c31dfe446e3986d4a47b84fdb866c03321b25f54c9df96a2e76844a68a9a6f040712a3aee8	common_voice_gju_42476331.mp3	eaa49771343b8dc52d369fff00de594ab96cc4cf851c09b4cd20d2444bee873b	ہوں تاں تمنا کہوں جی منا نِکا نِکا دو بچا مل کا آن کے دیوں		1	2	fourties				gju	
331817112893f2fa4024f70d72b4f3f316f4412e9cab90f74107b6c31dfe446e3986d4a47b84fdb866c03321b25f54c9df96a2e76844a68a9a6f040712a3aee8	common_voice_gju_42476381.mp3	8ffa1b0d1222b6203428507a42ad1592ee34230328b1102308c277ce405816e6	پِچھے پھریں لگا تم نے رچھ نیہہ لبھو		1	2	fourties				gju	
331817112893f2fa4024f70d72b4f3f316f4412e9cab90f74107b6c31dfe446e3986d4a47b84fdb866c03321b25f54c9df96a2e76844a68a9a6f040712a3aee8	common_voice_gju_42476415.mp3	3779eb66fc4862d4e6e11c45990655a4512c5f3ee2454a964ae8256fab2d056a	اسمان نا دیکھے لگو وہ اِنھ نا کہن لگو		0	2	fourties				gju	
331817112893f2fa4024f70d72b4f3f316f4412e9cab90f74107b6c31dfe446e3986d4a47b84fdb866c03321b25f54c9df96a2e76844a68a9a6f040712a3aee8	common_voice_gju_42476500.mp3	d6e5a24b23d40e5d7059afff7b6a7736582aaf57e6a8bfc3601c9e7753ea7876	وہ جنو سوچے تھو جی ہوں بے کار شے لیوں لگو		1	2	fourties				gju	
331817112893f2fa4024f70d72b4f3f316f4412e9cab90f74107b6c31dfe446e3986d4a47b84fdb866c03321b25f54c9df96a2e76844a68a9a6f040712a3aee8	common_voice_gju_42476590.mp3	2563b86639f2055522ae29915e8a866bcaa5b6af5d96bb3ed245175e04762e67	ایک بِڑے دیو آ گیو		1	2	fourties				gju	
331817112893f2fa4024f70d72b4f3f316f4412e9cab90f74107b6c31dfe446e3986d4a47b84fdb866c03321b25f54c9df96a2e76844a68a9a6f040712a3aee8	common_voice_gju_42476605.mp3	aea932d29fa92db6ce3219d0f844ca3ddd9357b0f0391601b2574ed6d3e2587e	ایک بِڑے اِنھ بچڑاں نے شور کئی		1	2	fourties				gju	
331817112893f2fa4024f70d72b4f3f316f4412e9cab90f74107b6c31dfe446e3986d4a47b84fdb866c03321b25f54c9df96a2e76844a68a9a6f040712a3aee8	common_voice_gju_42476609.mp3	e99bcf74cdc2eb85ba27076fe2a08405ae4e0fd133820cb2ce29bbd7eed0722e	راہ ما ندی آ گئی		1	2	fourties				gju	
331817112893f2fa4024f70d72b4f3f316f4412e9cab90f74107b6c31dfe446e3986d4a47b84fdb866c03321b25f54c9df96a2e76844a68a9a6f040712a3aee8	common_voice_gju_42476769.mp3	a6da89fa1bfbd3d7bba2dc454f7f0ae1dfca0e05ca83a24689d9364375a80630	ساری بیٹکیاں نا خس لیے گو ‘‘		0	2	fourties				gju	
331817112893f2fa4024f70d72b4f3f316f4412e9cab90f74107b6c31dfe446e3986d4a47b84fdb866c03321b25f54c9df96a2e76844a68a9a6f040712a3aee8	common_voice_gju_42476797.mp3	32e2058cd0d51f5cdcfbb7ab6964e7919c38f3b452efb3d56c38eb2cb01d1b94	اگلا بی منا روٹی نیہہ دیے تھا		1	2	fourties				gju	
331817112893f2fa4024f70d72b4f3f316f4412e9cab90f74107b6c31dfe446e3986d4a47b84fdb866c03321b25f54c9df96a2e76844a68a9a6f040712a3aee8	common_voice_gju_42478639.mp3	70377ae1d4e08a3b683413963e632ffd94bab7d8e66ec845909e1717bae28e2d	اُساں نپ کے لے گیا		0	2	fourties				gju	
331817112893f2fa4024f70d72b4f3f316f4412e9cab90f74107b6c31dfe446e3986d4a47b84fdb866c03321b25f54c9df96a2e76844a68a9a6f040712a3aee8	common_voice_gju_42478642.mp3	c8ce765adab277150a7535daf2c9814528d1fb57d4d7e06209b2a9cfdbe78d65	اس بیٹکی کوڑے ایک نِکو جیو صندوق تھو		1	2	fourties				gju	
331817112893f2fa4024f70d72b4f3f316f4412e9cab90f74107b6c31dfe446e3986d4a47b84fdb866c03321b25f54c9df96a2e76844a68a9a6f040712a3aee8	common_voice_gju_42478725.mp3	608d05926a6c48f3bac244b66fe84bff957c4bd307cc906d369a205862e0683f	توہ کھَڑو ہویوہ موتن کا بہانا پو گیو		1	2	fourties				gju	
331817112893f2fa4024f70d72b4f3f316f4412e9cab90f74107b6c31dfe446e3986d4a47b84fdb866c03321b25f54c9df96a2e76844a68a9a6f040712a3aee8	common_voice_gju_42481100.mp3	79b70a75a9843fe2eabde8d12cd5680fccc4220898c76ab334969696ef5d42cc	دھی نے کہیو" ہوں اِسلا بیاہ نیہہ کرتی "		0	2	fourties				gju	
331817112893f2fa4024f70d72b4f3f316f4412e9cab90f74107b6c31dfe446e3986d4a47b84fdb866c03321b25f54c9df96a2e76844a68a9a6f040712a3aee8	common_voice_gju_42481165.mp3	6421e5f9ca3e5a4294f1d0072f4de9a5bf8126bad1df530dd9271c5d89d7d77a	بسطے مچ بڑو ٹوہ کھن اُس اُپر نکی نکی لکڑی دھر کے اُپر مِٹی سٹ		0	2	fourties				gju	
e69eb016680eef56346636ac003684bd9fd7711cf36c62010a88cbc9204d8711a9c99e9a569d09f7d83a9b680403166438540ae8cf980a4399c10579463de92d	common_voice_gju_42488167.mp3	189fbde47b7d9fd673b9edabeeffc0e1a8f84f5d7d59d940378d4b42c006159b	توہ مچ لِسی ہے		0	2	thirties				gju	
5e085e4f5f59f6ba46868f3cb3d69cf1e596123cd0bc6fb451a56c639490dbff7e72715d8c3677c85603576d964104cd27949c0cf77f80febcbe913aa559433e	common_voice_gju_42497543.mp3	b64c875f495b8ac3b5e0b2510ccc31f4c143f7ac8fcab1b6fe66c79fb3973925	مدیہرے اُ ٹھیا		1	2	fourties				gju	
5e085e4f5f59f6ba46868f3cb3d69cf1e596123cd0bc6fb451a56c639490dbff7e72715d8c3677c85603576d964104cd27949c0cf77f80febcbe913aa559433e	common_voice_gju_42497598.mp3	c53f0b6989099f90f58c72f14e1933657e22a09b04d58c958aff7e9420f8bdda	جِس بڑے وہ جنو لنگن لگو شہزادی نے اُس پو رنگ سَٹ چھڑیو		0	2	fourties				gju	
5e085e4f5f59f6ba46868f3cb3d69cf1e596123cd0bc6fb451a56c639490dbff7e72715d8c3677c85603576d964104cd27949c0cf77f80febcbe913aa559433e	common_voice_gju_42497620.mp3	667ec69633461d14f37b1575f6fc377188cf887af6ab66326434a1659017cdbb	رچھ لبھے		1	2	fourties				gju	
5e085e4f5f59f6ba46868f3cb3d69cf1e596123cd0bc6fb451a56c639490dbff7e72715d8c3677c85603576d964104cd27949c0cf77f80febcbe913aa559433e	common_voice_gju_42500852.mp3	e13a7eacbe5d3f68377c8942c0f14881d8bd402a63bc79c649d9095f4306cba6	پَچھاں ماہلیاں تا چلن لگا		1	2	fourties				gju	
5e085e4f5f59f6ba46868f3cb3d69cf1e596123cd0bc6fb451a56c639490dbff7e72715d8c3677c85603576d964104cd27949c0cf77f80febcbe913aa559433e	common_voice_gju_42500960.mp3	e3c09ec70ef9e8e364c5e40d418ea4c9dce64a66fcea5a9484d5e9cc69fed0d7	سو رُپیو دُکاندار نا		1	2	fourties				gju	
331817112893f2fa4024f70d72b4f3f316f4412e9cab90f74107b6c31dfe446e3986d4a47b84fdb866c03321b25f54c9df96a2e76844a68a9a6f040712a3aee8	common_voice_gju_42529211.mp3	6d3910bfe3f041059baa314b54f011165501fba92b6bba1a4775c712fc8d8efe	جنو کہن لگو		0	2	fourties				gju	
331817112893f2fa4024f70d72b4f3f316f4412e9cab90f74107b6c31dfe446e3986d4a47b84fdb866c03321b25f54c9df96a2e76844a68a9a6f040712a3aee8	common_voice_gju_42537270.mp3	d629e2c4a701fe41d18b463164fe6b388f4859df0d62bcd529628c382476f8c6	بیٹکیاں نا لے کے جا رہیا		0	2	fourties				gju	
331817112893f2fa4024f70d72b4f3f316f4412e9cab90f74107b6c31dfe446e3986d4a47b84fdb866c03321b25f54c9df96a2e76844a68a9a6f040712a3aee8	common_voice_gju_42537358.mp3	8d471ead6d3eebd7aaf84c96243789bc9273b37af0f8da5047ee3d09806a88db	مدھ کے کوئے ہے		1	2	fourties				gju	
331817112893f2fa4024f70d72b4f3f316f4412e9cab90f74107b6c31dfe446e3986d4a47b84fdb866c03321b25f54c9df96a2e76844a68a9a6f040712a3aee8	common_voice_gju_42556002.mp3	9dcd705b5448cac46ee4034a84b90f65ab4ea16523b57d0d37041d30be75f152	ویہ اِس نا کہن لگا		0	2	fourties				gju	
331817112893f2fa4024f70d72b4f3f316f4412e9cab90f74107b6c31dfe446e3986d4a47b84fdb866c03321b25f54c9df96a2e76844a68a9a6f040712a3aee8	common_voice_gju_42556004.mp3	9ad7f4d544de6986484fc5e75f4e8cec8e737ea76e4dd9623c6a875f9b7631c5	اُس ڈیرا ما ایک بلا ہِلی تھی		0	2	fourties				gju	
5e085e4f5f59f6ba46868f3cb3d69cf1e596123cd0bc6fb451a56c639490dbff7e72715d8c3677c85603576d964104cd27949c0cf77f80febcbe913aa559433e	common_voice_gju_42562377.mp3	0138db01f5a10aa13d41b5eaa2b4e2bb6837553b28aed71a44c05f52b97fb856	توہ پہلا ں پکاتو جی یاہ روٹی ٹھنڈی ہو جاتی		0	2	fourties				gju	
e65a8c3ba525042ceba11e102309b2525de4d7748b513787fc3ecc50c13c97654e626571fcdb8a6d96b78af3e6c5bfa95fb0286d8407d9d8d3c867d06c7a1fc4	common_voice_gju_42562580.mp3	0789072300c13c6769e0ab1f15083399384f4296d6cc52f1c547a294e4d15bd9	یوہ واقعو سن 1991ء کو		0	2	fourties				gju	
5e085e4f5f59f6ba46868f3cb3d69cf1e596123cd0bc6fb451a56c639490dbff7e72715d8c3677c85603576d964104cd27949c0cf77f80febcbe913aa559433e	common_voice_gju_42562722.mp3	8e035e5116d49f51fea229a54d25565de8e239554acdee12295fa108f6ef82b2	باز ات نیہہ بیستو		1	2	fourties				gju	
e65a8c3ba525042ceba11e102309b2525de4d7748b513787fc3ecc50c13c97654e626571fcdb8a6d96b78af3e6c5bfa95fb0286d8407d9d8d3c867d06c7a1fc4	common_voice_gju_42563040.mp3	305b6420dd5310d6772bc66193d46446f540bb68d7ba0c6eec5fac2fce211a85	یوہ واقعو سن 2006ء کو		0	2	fourties				gju	
e65a8c3ba525042ceba11e102309b2525de4d7748b513787fc3ecc50c13c97654e626571fcdb8a6d96b78af3e6c5bfa95fb0286d8407d9d8d3c867d06c7a1fc4	common_voice_gju_42563239.mp3	1e8f65f724b27ec565b3f0d20574bf271b42fee00729b33171b2a9d7ff3d2acd	یوہ واقعو 2007 ما بانیا قوم کا ایک قبیلہ کا ایک جناغلام حسن		0	2	fourties				gju	
e65a8c3ba525042ceba11e102309b2525de4d7748b513787fc3ecc50c13c97654e626571fcdb8a6d96b78af3e6c5bfa95fb0286d8407d9d8d3c867d06c7a1fc4	common_voice_gju_42563255.mp3	40b1860e21e7698daa970736c2195a3c7e20a9a0e6d2a64c5d8b880b0e334d5f	یوہ واقعو سن 1973 کو		0	2	fourties				gju	
e65a8c3ba525042ceba11e102309b2525de4d7748b513787fc3ecc50c13c97654e626571fcdb8a6d96b78af3e6c5bfa95fb0286d8407d9d8d3c867d06c7a1fc4	common_voice_gju_42565274.mp3	3ffe949b9ba91a95251f03b92a6ef2db554fa171f5e774a8d5e8228260782eda	ست اکتوبر سن2007ء مُنگلار کے دھیاڑے خان پور ما جنازو پڑھیو		0	2	fourties				gju	
e65a8c3ba525042ceba11e102309b2525de4d7748b513787fc3ecc50c13c97654e626571fcdb8a6d96b78af3e6c5bfa95fb0286d8407d9d8d3c867d06c7a1fc4	common_voice_gju_42565427.mp3	3a06bcd89327940bd46f142bc627083f7180d494f58dbbc4958add26dbe7c284	دھیانی اُس نا کہن لگی اساں چک		1	2	fourties				gju	
e65a8c3ba525042ceba11e102309b2525de4d7748b513787fc3ecc50c13c97654e626571fcdb8a6d96b78af3e6c5bfa95fb0286d8407d9d8d3c867d06c7a1fc4	common_voice_gju_42565690.mp3	5554e9d34036e0c830b70b2194ea2f8dbb0b2b03674a388dd2c9c8adc684aa0e	1962ء ما کجھ اجڑیاں کا ڈیرا بَر کالا پانی پرانا مدان ما رہیا		0	2	fourties				gju	
e65a8c3ba525042ceba11e102309b2525de4d7748b513787fc3ecc50c13c97654e626571fcdb8a6d96b78af3e6c5bfa95fb0286d8407d9d8d3c867d06c7a1fc4	common_voice_gju_42565801.mp3	5da25abd344315ea06db23a5b0c4f5f47a29bdc7cb6c59da7fade420d9d5fc4c	یوہ واقعو سن 1999ء کو		0	2	fourties				gju	
e65a8c3ba525042ceba11e102309b2525de4d7748b513787fc3ecc50c13c97654e626571fcdb8a6d96b78af3e6c5bfa95fb0286d8407d9d8d3c867d06c7a1fc4	common_voice_gju_42587343.mp3	4c95f8b429e79af2dd997b13cb27d860849ffc0abacfaa62e60c59b2931a3027	یوہ واقعو سن2015 ء کو		0	2	fourties				gju	
e65a8c3ba525042ceba11e102309b2525de4d7748b513787fc3ecc50c13c97654e626571fcdb8a6d96b78af3e6c5bfa95fb0286d8407d9d8d3c867d06c7a1fc4	common_voice_gju_42587584.mp3	78c67e3c72911ba9cc25d367c5f8a821c8fa29ee3452574ba339d4fe1bceb0ea	اُت اِنھ		1	2	fourties				gju	
e65a8c3ba525042ceba11e102309b2525de4d7748b513787fc3ecc50c13c97654e626571fcdb8a6d96b78af3e6c5bfa95fb0286d8407d9d8d3c867d06c7a1fc4	common_voice_gju_42587600.mp3	7fb08dbcead6b1646a957b37f6e7c08d3ce2e99808f537b6a8d051ce6ac54ac6	یوہ واقعو سن ۰۸۹۱ء کو		0	2	fourties				gju	
e65a8c3ba525042ceba11e102309b2525de4d7748b513787fc3ecc50c13c97654e626571fcdb8a6d96b78af3e6c5bfa95fb0286d8407d9d8d3c867d06c7a1fc4	common_voice_gju_42587707.mp3	67eca930687bea115b97ab5139553fc41d745577e1c79e8f69d1068a5f6d1604	یوہ واقعو سن 2002ء کو		0	2	fourties				gju	
e65a8c3ba525042ceba11e102309b2525de4d7748b513787fc3ecc50c13c97654e626571fcdb8a6d96b78af3e6c5bfa95fb0286d8407d9d8d3c867d06c7a1fc4	common_voice_gju_42587729.mp3	7cebbbd2459fbf751062bf931094f8294170dce8e5ac6d62327094ef75e2ed88	یوہ واقعو سن 2013 کو		0	2	fourties				gju	
e65a8c3ba525042ceba11e102309b2525de4d7748b513787fc3ecc50c13c97654e626571fcdb8a6d96b78af3e6c5bfa95fb0286d8407d9d8d3c867d06c7a1fc4	common_voice_gju_42588125.mp3	93e34b55a8ffcb3f871b2dc5ecbb4b7e396be6ca4688bb7433534fac8fe4c2b4	اُنھاں نا چاہ		1	2	fourties				gju	
e65a8c3ba525042ceba11e102309b2525de4d7748b513787fc3ecc50c13c97654e626571fcdb8a6d96b78af3e6c5bfa95fb0286d8407d9d8d3c867d06c7a1fc4	common_voice_gju_42588195.mp3	53bb88795b751689c289d8013babfd90a7513e5ca7e3a4665b04ce2686716de2	یوہ واقعو 1998ء کو		0	2	fourties				gju	
e65a8c3ba525042ceba11e102309b2525de4d7748b513787fc3ecc50c13c97654e626571fcdb8a6d96b78af3e6c5bfa95fb0286d8407d9d8d3c867d06c7a1fc4	common_voice_gju_42594957.mp3	ac6ae1b0f7d4862c861ee973a98659a6d507fef007655b8d0107ea9b8131f589	ہوں سو رہیو تھو		0	2	fourties				gju	
e65a8c3ba525042ceba11e102309b2525de4d7748b513787fc3ecc50c13c97654e626571fcdb8a6d96b78af3e6c5bfa95fb0286d8407d9d8d3c867d06c7a1fc4	common_voice_gju_42594960.mp3	625635ca0e4100e1ff511ae8552b9e3ab6c6a10e80aee4358c87d6f75217ca54	یوہ واقعو سن 2009ء کو		0	2	fourties				gju	
e65a8c3ba525042ceba11e102309b2525de4d7748b513787fc3ecc50c13c97654e626571fcdb8a6d96b78af3e6c5bfa95fb0286d8407d9d8d3c867d06c7a1fc4	common_voice_gju_42601374.mp3	b42d284f5f87cd5911fc99ea596118e3ceb4f8c3b73e4f867096469fa4dd99e4	ویہ ک		0	2	fourties				gju	
e65a8c3ba525042ceba11e102309b2525de4d7748b513787fc3ecc50c13c97654e626571fcdb8a6d96b78af3e6c5bfa95fb0286d8407d9d8d3c867d06c7a1fc4	common_voice_gju_42604325.mp3	6cd9e524ce8278d16d87336a2566d334f6512b0b55723b8b29c991aff985c2c2	یوہ واقعو 1983 ما بانیا بلادری کا نال پیش آیو		0	2	fourties				gju	
e65a8c3ba525042ceba11e102309b2525de4d7748b513787fc3ecc50c13c97654e626571fcdb8a6d96b78af3e6c5bfa95fb0286d8407d9d8d3c867d06c7a1fc4	common_voice_gju_42612939.mp3	ed7f68163a9faab1f8fdc0e602208945f6cf2207dae5fbb06d4b8dd6243e2001	یوہ واقعو سال 2014ء کو		0	2	fourties				gju	
e65a8c3ba525042ceba11e102309b2525de4d7748b513787fc3ecc50c13c97654e626571fcdb8a6d96b78af3e6c5bfa95fb0286d8407d9d8d3c867d06c7a1fc4	common_voice_gju_42613636.mp3	9bc2e07e06e4f2f904ecacffca257a0f9bfb7e38c8f8d514ff7fbdecb41e033d	یوہ2011 کو افسوس ناک واقعو		0	2	fourties				gju	
e65a8c3ba525042ceba11e102309b2525de4d7748b513787fc3ecc50c13c97654e626571fcdb8a6d96b78af3e6c5bfa95fb0286d8407d9d8d3c867d06c7a1fc4	common_voice_gju_42613650.mp3	edaa1cf106796474a9e02e0d970537002c664fbf5688c259d9df786c748d91c0	یوہ واقعو سن 1950ء کو		0	2	fourties				gju	
e65a8c3ba525042ceba11e102309b2525de4d7748b513787fc3ecc50c13c97654e626571fcdb8a6d96b78af3e6c5bfa95fb0286d8407d9d8d3c867d06c7a1fc4	common_voice_gju_42613822.mp3	f569c23672a8d52cc68e5f0959ef6974fd9cc45e7c7effe0fd16f679780ca8c2	یوہ واقعو # 1996 ما کاغان ما پیش آیو		0	2	fourties				gju	
e65a8c3ba525042ceba11e102309b2525de4d7748b513787fc3ecc50c13c97654e626571fcdb8a6d96b78af3e6c5bfa95fb0286d8407d9d8d3c867d06c7a1fc4	common_voice_gju_42619893.mp3	37b1111f45dda06322701b20031dc3c2495a27c34ff0086655062770164ef0c6	یوہ واقعو # 1950 ما پیش آیو		0	2	fourties				gju	
e65a8c3ba525042ceba11e102309b2525de4d7748b513787fc3ecc50c13c97654e626571fcdb8a6d96b78af3e6c5bfa95fb0286d8407d9d8d3c867d06c7a1fc4	common_voice_gju_42622065.mp3	b2cba6f51744d18b508c2be62d604b85f567dbe59a2b29bc0affccdf21ce6c43	یوہ واقعو سن 2011ء کو		0	2	fourties				gju	
e65a8c3ba525042ceba11e102309b2525de4d7748b513787fc3ecc50c13c97654e626571fcdb8a6d96b78af3e6c5bfa95fb0286d8407d9d8d3c867d06c7a1fc4	common_voice_gju_42637782.mp3	f0a2c1b164c06c7ab18a075c55be12996b10e114393c1c3e010d6dc6f9040f7e	یو ہ واقعو سن 1987ء کو		0	2	fourties				gju	
e65a8c3ba525042ceba11e102309b2525de4d7748b513787fc3ecc50c13c97654e626571fcdb8a6d96b78af3e6c5bfa95fb0286d8407d9d8d3c867d06c7a1fc4	common_voice_gju_42637801.mp3	3a16b3b3594bd9c3947022f5e99e503987699ce550d504c411eb630a56cadf51	یوہ واقعو سن 1982ء کو		0	2	fourties				gju	
