filename	relative_path	pages	size_mb	category	script_found	scope	credits	notes	md5
Aks-e-Jamal.pdf	anjumshanasi/Aks-e-Jamal.pdf	121	1.29	bad_text	legacy_encoded	in_scope	Prof. (Dr.) Rafique Anjum / Anjum Shanasi-linked publications where applicable	Local folder: anjumshanasi/	2d96fd56684753cb7c8c061e988b3f57
Anjum-Shanasi.pdf	anjumshanasi/Anjum-Shanasi.pdf	364	3.95	bad_text	legacy_encoded	in_scope	Prof. (Dr.) Rafique Anjum / Anjum Shanasi-linked publications where applicable	Local folder: anjumshanasi/	45ec82957ede09074e90d6f97a978ce5
Banjara.pdf	anjumshanasi/Banjara.pdf	496	4.86	bad_text	legacy_encoded	in_scope	Prof. (Dr.) Rafique Anjum / Anjum Shanasi-linked publications where applicable	Local folder: anjumshanasi/	889c421fbc84e10020f53966ea665d2d
Chitti-Mitti.pdf	anjumshanasi/Chitti-Mitti.pdf	144	2.08	bad_text	legacy_encoded	in_scope	Prof. (Dr.) Rafique Anjum / Anjum Shanasi-linked publications where applicable	Local folder: anjumshanasi/	07ffc0bb5f54ffdee333a95eb08470ab
Dil-Darya.pdf	anjumshanasi/Dil-Darya.pdf	220	2.42	bad_text	legacy_encoded	in_scope	Prof. (Dr.) Rafique Anjum / Anjum Shanasi-linked publications where applicable	Local folder: anjumshanasi/	e48a3f8379ee03a01690e4350190b83a
G-Grammar.pdf	anjumshanasi/G-Grammar.pdf	120	1.78	bad_text	legacy_encoded	in_scope	Prof. (Dr.) Rafique Anjum / Anjum Shanasi-linked publications where applicable	Local folder: anjumshanasi/	aabffaaab669249c0198ce758733e710
G-Kashmiri-Dictionary.pdf	anjumshanasi/G-Kashmiri-Dictionary.pdf	456	5.78	bad_text	legacy_encoded	in_scope	Prof. (Dr.) Rafique Anjum / Anjum Shanasi-linked publications where applicable	Local folder: anjumshanasi/; Dictionary / glossary volume	3d43e70607f1e2734a24b50f4ba59b08
Gojri-Adbiyaat.pdf	anjumshanasi/Gojri-Adbiyaat.pdf	528	5.57	bad_text	legacy_encoded	in_scope	Prof. (Dr.) Rafique Anjum / Anjum Shanasi-linked publications where applicable	Local folder: anjumshanasi/	59da2c8ac1f5c361d33a0a9b5cfa77c7
Gojri-Afsana.pdf	anjumshanasi/Gojri-Afsana.pdf	223	3.04	bad_text	legacy_encoded	in_scope	Prof. (Dr.) Rafique Anjum / Anjum Shanasi-linked publications where applicable	Local folder: anjumshanasi/	ed6354c2acc88fb122ac94b451dd661a
Gojri-Drama.pdf	anjumshanasi/Gojri-Drama.pdf	320	3.56	bad_text	legacy_encoded	in_scope	Prof. (Dr.) Rafique Anjum / Anjum Shanasi-linked publications where applicable	Local folder: anjumshanasi/	fefd2d1d25c036070981ecfa2f4b76b4
Gojri-English-Dictionary.pdf	anjumshanasi/Gojri-English-Dictionary.pdf	498	1.84	bad_text	legacy_encoded	in_scope	Prof. (Dr.) Rafique Anjum / Anjum Shanasi-linked publications where applicable	Local folder: anjumshanasi/; Dictionary / glossary volume	8489c0a1bf30e4e7c6f422eb8ade44b0
Gojri-Ghazal.pdf	anjumshanasi/Gojri-Ghazal.pdf	209	2.4	bad_text	legacy_encoded	in_scope	Prof. (Dr.) Rafique Anjum / Anjum Shanasi-linked publications where applicable	Local folder: anjumshanasi/	a26942703fa866cf1d8b0feead600666
Gojri-Hindi-English-Dictionary.pdf	anjumshanasi/Gojri-Hindi-English-Dictionary.pdf	458	4.13	good_text	devanagari	in_scope	Prof. (Dr.) Rafique Anjum / Anjum Shanasi-linked publications where applicable	Local folder: anjumshanasi/; Dictionary / glossary volume	dbcf6814f1b19a111f8bb3955e341b11
Gojri-Nasriyaat.pdf	anjumshanasi/Gojri-Nasriyaat.pdf	532	5.84	bad_text	legacy_encoded	in_scope	Prof. (Dr.) Rafique Anjum / Anjum Shanasi-linked publications where applicable	Local folder: anjumshanasi/	81b9e6bfd402b7217256b6a664cf011b
Gojri-Sheryaat.pdf	anjumshanasi/Gojri-Sheryaat.pdf	500	4.13	bad_text	legacy_encoded	in_scope	Prof. (Dr.) Rafique Anjum / Anjum Shanasi-linked publications where applicable	Local folder: anjumshanasi/	3f48b461bfdbba6a294c49efa7a3dc85
Kaash.pdf	anjumshanasi/Kaash.pdf	159	1.92	bad_text	legacy_encoded	in_scope	Prof. (Dr.) Rafique Anjum / Anjum Shanasi-linked publications where applicable	Local folder: anjumshanasi/	937e0a112ac8d5b5da86734dc8805b88
Kahawat-Kosh.pdf	anjumshanasi/Kahawat-Kosh.pdf	169	2.06	bad_text	legacy_encoded	in_scope	Prof. (Dr.) Rafique Anjum / Anjum Shanasi-linked publications where applicable	Local folder: anjumshanasi/; Dictionary / glossary volume	4c71f1a45343666a6262a233b97011e7
Khawab-Jazeerey.pdf	anjumshanasi/Khawab-Jazeerey.pdf	125	1.33	bad_text	legacy_encoded	in_scope	Prof. (Dr.) Rafique Anjum / Anjum Shanasi-linked publications where applicable	Local folder: anjumshanasi/	9f027c5cf6501f41a92c364c5b868c73
Qadim-Gojri.pdf	anjumshanasi/Qadim-Gojri.pdf	152	2.13	bad_text	legacy_encoded	in_scope	Prof. (Dr.) Rafique Anjum / Anjum Shanasi-linked publications where applicable	Local folder: anjumshanasi/	fd1b9136f6217bef37c85b6c95a02bbf
Zanbeel.pdf	anjumshanasi/Zanbeel.pdf	180	2.8	bad_text	legacy_encoded	in_scope	Prof. (Dr.) Rafique Anjum / Anjum Shanasi-linked publications where applicable	Local folder: anjumshanasi/	f01b62aa125f0797fce2f102fb2cb85a
Concise_Gojri_English_Dictionary_by_Dr_R.pdf	Concise_Gojri_English_Dictionary_by_Dr_R.pdf	24	0.15	bad_text	legacy_encoded	in_scope	Original author(s) and publisher as printed in the book; check the title page	Dictionary / glossary volume	fc5da1023f76e4d1487f1316eab08d25
Folklore_of_Gujjars_Bakarwals_of_Jammu_a.pdf	Folklore_of_Gujjars_Bakarwals_of_Jammu_a.pdf	292	2.76	bad_text	legacy_encoded	in_scope	Original author(s) and publisher as printed in the book; check the title page		974406ab21d1e1743b60715d8ae7f8f0
Gojri-1.pdf	Gojri-1.pdf	56	19.5	image_only	none	in_scope	Original author(s) and publisher as printed in the book; check the title page		e52f629426cece03d08c4de8aef73de8
gojri-dictionary-by-dr-javaid-rahi-01.pdf	gojri-dictionary-by-dr-javaid-rahi-01.pdf	1	1.44	image_only	none	in_scope	Dr. Javaid Rahi (editor/compiler on many volumes in this set)	Dictionary / glossary volume	be251cf6cff3a4c28cc86c7b6fed83e0
gojri-dictionary-by-dr-javaid-rahi-1-281-1.pdf	gojri-dictionary-by-dr-javaid-rahi-1-281-1.pdf	281	11.03	bad_text	legacy_encoded	in_scope	Dr. Javaid Rahi (editor/compiler on many volumes in this set)	Dictionary / glossary volume	c396d1aa41ee4cec0ed464ad93ca6026
gojri-dictionary-by-dr-javaid-rahi-3.pdf	gojri-dictionary-by-dr-javaid-rahi-3.pdf	169	7.58	bad_text	legacy_encoded	in_scope	Dr. Javaid Rahi (editor/compiler on many volumes in this set)	Dictionary / glossary volume	94604c48df517214bb3f0ae1a2e0394f
gojri-dictionary-by-dr-javaid-rahi-part-05.pdf	gojri-dictionary-by-dr-javaid-rahi-part-05.pdf	110	4.37	bad_text	legacy_encoded	in_scope	Dr. Javaid Rahi (editor/compiler on many volumes in this set)	Dictionary / glossary volume	944f8f94408a22b98607ae17a0741f2f
GOJRI_BAIT_GOJRI_SI_HARFI_GOJRI_BARA_MAH.pdf	GOJRI_BAIT_GOJRI_SI_HARFI_GOJRI_BARA_MAH.pdf	172	3.4	bad_text	legacy_encoded	in_scope	Original author(s) and publisher as printed in the book; check the title page		84bc6f1bf053a44da2745fd47643397d
GOJRI_DICTIONARY_by_Dr_JAVAID_RAHI_Part (1).pdf	GOJRI_DICTIONARY_by_Dr_JAVAID_RAHI_Part (1).pdf	169	9.0	bad_text	legacy_encoded	in_scope	Dr. Javaid Rahi (editor/compiler on many volumes in this set)	Dictionary / glossary volume	865ec2c7f875c217ea43a35860f485cf
Gojri_Dictionary_by_Dr_Javaid_Rahi_Part.pdf	Gojri_Dictionary_by_Dr_Javaid_Rahi_Part.pdf	110	4.72	bad_text	legacy_encoded	in_scope	Dr. Javaid Rahi (editor/compiler on many volumes in this set)	Dictionary / glossary volume	ecc74016907d6de1468282502a6f8b4f
Gojri_lok_kahani.pdf	Gojri_lok_kahani.pdf	410	4.73	bad_text	legacy_encoded	in_scope	Original author(s) and publisher as printed in the book; check the title page		28fb16acbbeac258aa18f1ad4c3adb6d
Gojri_Poet_Moulana_Ismail_Zabi_Gujjar_Ku.pdf	Gojri_Poet_Moulana_Ismail_Zabi_Gujjar_Ku.pdf	81	1.4	bad_text	legacy_encoded	in_scope	Original author(s) and publisher as printed in the book; check the title page		ba2f2ecb73d4573eae11b9e2061d811f
GOJRI_POETRY_OF_GUJJAR_POETS_GOJRI_BAIT.pdf	GOJRI_POETRY_OF_GUJJAR_POETS_GOJRI_BAIT.pdf	172	3.4	bad_text	legacy_encoded	in_scope	Original author(s) and publisher as printed in the book; check the title page		e574bcdec43f7a391734400fd30b534c
GOJRI_PRIMER_Vth_BOOK_Compiled_by_Dr_Jav.pdf	GOJRI_PRIMER_Vth_BOOK_Compiled_by_Dr_Jav.pdf	68	21.98	image_only	none	in_scope	Original author(s) and publisher as printed in the book; check the title page		ea6c49d31849fcb7747ad6416f36f0a9
GOJRI_TEXT_BOOK_Series_SHINGAR_for_class.pdf	GOJRI_TEXT_BOOK_Series_SHINGAR_for_class.pdf	72	14.79	image_only	none	in_scope	Original author(s) and publisher as printed in the book; check the title page	Textbook / primer material	2eba82d8ee2c5689f52aa3542538e711
Gujjar_Qabila_Ki_Louk_Warsti_Dictionary (1).pdf	Gujjar_Qabila_Ki_Louk_Warsti_Dictionary (1).pdf	202	93.66	image_only	none	in_scope	Original author(s) and publisher as printed in the book; check the title page	Dictionary / glossary volume	4031245e58639323fd5959d3df16f63d
Gujjar_Qabila_Ki_Louk_Warsti_Dictionary.pdf	Gujjar_Qabila_Ki_Louk_Warsti_Dictionary.pdf	202	51.67	image_only	none	in_scope	Original author(s) and publisher as printed in the book; check the title page	Dictionary / glossary volume	75b0b9a43db03f01789228b472690a70
GUJJARS_GOJRI_KI_CHOTHI_KITAB_Gojri_Prim.pdf	GUJJARS_GOJRI_KI_CHOTHI_KITAB_Gojri_Prim.pdf	64	14.28	image_only	none	in_scope	Original author(s) and publisher as printed in the book; check the title page	Textbook / primer material	9b8d323653df7acd9c4f04373ee08f82
GUJJARS_GOJRI_KI_DOJI_KITAB_Gojri_Primer.pdf	GUJJARS_GOJRI_KI_DOJI_KITAB_Gojri_Primer.pdf	64	15.68	image_only	none	in_scope	Original author(s) and publisher as printed in the book; check the title page	Textbook / primer material	4ffdf7165a8e828b57754750bf333439
GUJJARS_GOJRI_KI_PEHLI_KITAB_Gojri_Prime.pdf	GUJJARS_GOJRI_KI_PEHLI_KITAB_Gojri_Prime.pdf	56	21.94	image_only	none	in_scope	Original author(s) and publisher as printed in the book; check the title page	Textbook / primer material	8d14e0a5d64c563010a5e4e79988732d
GUJJARS_GOJRI_KI_TEJI_KITAB_Gojri_Primer.pdf	GUJJARS_GOJRI_KI_TEJI_KITAB_Gojri_Primer.pdf	68	21.54	image_only	none	in_scope	Original author(s) and publisher as printed in the book; check the title page	Textbook / primer material	1a8c415e3c51627f528685b439c58767
amin-qamar-sahab.pdf	javaidrahi-blog/amin-qamar-sahab.pdf	84	1.77	bad_text	legacy_encoded	in_scope	Dr. Javaid Rahi (editor/compiler on many volumes in this set)	Local folder: javaidrahi-blog/	aa52799eae4c984594a3b14ade77338e
dr-javaid-rahi-5.pdf	javaidrahi-blog/dr-javaid-rahi-5.pdf	172	3.02	bad_text	legacy_encoded	in_scope	Dr. Javaid Rahi (editor/compiler on many volumes in this set)	Local folder: javaidrahi-blog/	59845a294284940cbeaaf640cc436ef0
gojri-6th-book-shingar.pdf	javaidrahi-blog/gojri-6th-book-shingar.pdf	76	19.3	image_only	none	in_scope	Dr. Javaid Rahi (editor/compiler on many volumes in this set)	Local folder: javaidrahi-blog/; Textbook / primer material	8f2d586749cf1e3aeaf875b6c81c6600
gojri-7th-book.pdf	javaidrahi-blog/gojri-7th-book.pdf	72	18.3	image_only	none	in_scope	Dr. Javaid Rahi (editor/compiler on many volumes in this set)	Local folder: javaidrahi-blog/	a1968a231aebc3de5f0847a200d5d4a1
gojri-_iban-e-khaldoon_gojri_tr-hassan-parwaz.pdf	javaidrahi-blog/gojri-_iban-e-khaldoon_gojri_tr-hassan-parwaz.pdf	408	5.68	bad_text	legacy_encoded	in_scope	Dr. Javaid Rahi (editor/compiler on many volumes in this set)	Local folder: javaidrahi-blog/	625ad4a5d7b0909ec9169baf1decbffe
gojri-_kuliyat-e-qasam_shamim.pdf	javaidrahi-blog/gojri-_kuliyat-e-qasam_shamim.pdf	99	1.47	bad_text	legacy_encoded	in_scope	Dr. Javaid Rahi (editor/compiler on many volumes in this set)	Local folder: javaidrahi-blog/	a467e81d2b1f294bd4f73a1db04ce907
gojri-adab-ki-tariekh.pdf	javaidrahi-blog/gojri-adab-ki-tariekh.pdf	270	3.47	bad_text	legacy_encoded	in_scope	Dr. Javaid Rahi (editor/compiler on many volumes in this set)	Local folder: javaidrahi-blog/	64b26d510130ff2605529ac5a2e16948
gojri-alfarooq-shibli-noumani-tr-hassan-parwaz.pdf	javaidrahi-blog/gojri-alfarooq-shibli-noumani-tr-hassan-parwaz.pdf	334	4.44	bad_text	legacy_encoded	in_scope	Dr. Javaid Rahi (editor/compiler on many volumes in this set)	Local folder: javaidrahi-blog/	377177b99769105ce9fbdbe678dfd202
gojri-book-iiird.pdf	javaidrahi-blog/gojri-book-iiird.pdf	33	21.65	image_only	none	in_scope	Dr. Javaid Rahi (editor/compiler on many volumes in this set)	Local folder: javaidrahi-blog/	80ae02023b8ddac85d4546346b7b6cc2
gojri-book-ivth.pdf	javaidrahi-blog/gojri-book-ivth.pdf	33	16.33	image_only	none	in_scope	Dr. Javaid Rahi (editor/compiler on many volumes in this set)	Local folder: javaidrahi-blog/	d894b7e699a17a99867035769e1b41b6
gojri-books-iind.pdf	javaidrahi-blog/gojri-books-iind.pdf	64	24.44	image_only	none	in_scope	Dr. Javaid Rahi (editor/compiler on many volumes in this set)	Local folder: javaidrahi-blog/	f892cdbf6695747d36ed466e41455f0c
gojri-dictionary-by-dr-javaid-rahi-part-4.pdf	javaidrahi-blog/gojri-dictionary-by-dr-javaid-rahi-part-4.pdf	341	11.58	bad_text	legacy_encoded	in_scope	Dr. Javaid Rahi (editor/compiler on many volumes in this set)	Local folder: javaidrahi-blog/; Dictionary / glossary volume	d141aa630b77f6379ac443254a0f3827
gojri-history.pdf	javaidrahi-blog/gojri-history.pdf	275	3.04	bad_text	legacy_encoded	in_scope	Dr. Javaid Rahi (editor/compiler on many volumes in this set)	Local folder: javaidrahi-blog/	a640c3b3232a88a2b8a26146e15bb49e
gojri-kalam-_gulam_sarwar_rana_ed-javaid-rahi.pdf	javaidrahi-blog/gojri-kalam-_gulam_sarwar_rana_ed-javaid-rahi.pdf	139	1.41	bad_text	legacy_encoded	in_scope	Dr. Javaid Rahi (editor/compiler on many volumes in this set)	Local folder: javaidrahi-blog/	07bfe374be79175b071fa73691c0790f
gojri-kalam-e-_shamas_din_mehjoor-ed-dr-javaid-rahi.pdf	javaidrahi-blog/gojri-kalam-e-_shamas_din_mehjoor-ed-dr-javaid-rahi.pdf	99	1.39	bad_text	legacy_encoded	in_scope	Dr. Javaid Rahi (editor/compiler on many volumes in this set)	Local folder: javaidrahi-blog/	d7da3e96309d4a1ab5a01af59470021f
gojri-kalam-e-nazir-ahmad-nazir-nazir-ed-by-dr-javaid-rahi.pdf	javaidrahi-blog/gojri-kalam-e-nazir-ahmad-nazir-nazir-ed-by-dr-javaid-rahi.pdf	145	1.78	bad_text	legacy_encoded	in_scope	Dr. Javaid Rahi (editor/compiler on many volumes in this set)	Local folder: javaidrahi-blog/	46dd9e1a948604b8447e6a880ad0aeff
gojri-kalam-israel-asar_-ed-dr-javaid-rahi.pdf	javaidrahi-blog/gojri-kalam-israel-asar_-ed-dr-javaid-rahi.pdf	510	3.72	bad_text	legacy_encoded	in_scope	Dr. Javaid Rahi (editor/compiler on many volumes in this set)	Local folder: javaidrahi-blog/	ebdd3bf02b6e9b0d4a54bc25ba61612a
gojri-language-literature.pdf	javaidrahi-blog/gojri-language-literature.pdf	270	3.31	bad_text	legacy_encoded	in_scope	Dr. Javaid Rahi (editor/compiler on many volumes in this set)	Local folder: javaidrahi-blog/	80927effa6910b3b6415e3d5fd8953e9
gojri-shahan_e_gujjar_history-by-abdul-malik-chouhan-number.pdf	javaidrahi-blog/gojri-shahan_e_gujjar_history-by-abdul-malik-chouhan-number.pdf	435	5.5	bad_text	legacy_encoded	in_scope	Dr. Javaid Rahi (editor/compiler on many volumes in this set)	Local folder: javaidrahi-blog/	2e71568099cce260875548ec834a7f9c
gojri-translation-of-bostaan_e_sadi.pdf	javaidrahi-blog/gojri-translation-of-bostaan_e_sadi.pdf	242	3.18	bad_text	legacy_encoded	in_scope	Dr. Javaid Rahi (editor/compiler on many volumes in this set)	Local folder: javaidrahi-blog/	010550b8aedd476f7c85c9b6aa87cadb
gojri-version-of-gandhi-auto-biography-main_azmaio_such_final.pdf	javaidrahi-blog/gojri-version-of-gandhi-auto-biography-main_azmaio_such_final.pdf	494	6.46	bad_text	legacy_encoded	in_scope	Dr. Javaid Rahi (editor/compiler on many volumes in this set)	Local folder: javaidrahi-blog/	1bc04dd395d32a8c137d140b7c6556a3
gojri-vth-book-ed-dr-javaid-rahi.pdf	javaidrahi-blog/gojri-vth-book-ed-dr-javaid-rahi.pdf	33	14.72	image_only	none	in_scope	Dr. Javaid Rahi (editor/compiler on many volumes in this set)	Local folder: javaidrahi-blog/	0fdc7886f3c638c875590e5a72b44076
gojri-yaad-dr-sabir-afaqi-dr-javaid-rahi-4.pdf	javaidrahi-blog/gojri-yaad-dr-sabir-afaqi-dr-javaid-rahi-4.pdf	45	1.66	bad_text	legacy_encoded	in_scope	Dr. Javaid Rahi (editor/compiler on many volumes in this set)	Local folder: javaidrahi-blog/	8e492d6d3067cc10ca2a36545c6bf3f1
gojri_look-geet-complie-by-dr-javaid-rahi-fojri-folk-songs.pdf	javaidrahi-blog/gojri_look-geet-complie-by-dr-javaid-rahi-fojri-folk-songs.pdf	292	2.34	bad_text	legacy_encoded	in_scope	Dr. Javaid Rahi (editor/compiler on many volumes in this set)	Local folder: javaidrahi-blog/	7b11232f987380c7beb4b4644519b6dc
guldasta_kalami_sheikh_ul_aalam-tr-dr-javaid-rahi.pdf	javaidrahi-blog/guldasta_kalami_sheikh_ul_aalam-tr-dr-javaid-rahi.pdf	238	2.2	bad_text	legacy_encoded	in_scope	Dr. Javaid Rahi (editor/compiler on many volumes in this set)	Local folder: javaidrahi-blog/	c9eedabdbbfdc5f1d77fa9a074d064df
kalam-ismail-zabai-ed-by-dr-javaid-rahi.pdf	javaidrahi-blog/kalam-ismail-zabai-ed-by-dr-javaid-rahi.pdf	81	1.37	bad_text	legacy_encoded	in_scope	Dr. Javaid Rahi (editor/compiler on many volumes in this set)	Local folder: javaidrahi-blog/	d030a0d6e07143a265ac83e0783efba0
kalam-khuda-baksh-zar-poonch-ed-by-dr-javaid-rahi.pdf	javaidrahi-blog/kalam-khuda-baksh-zar-poonch-ed-by-dr-javaid-rahi.pdf	102	1.89	bad_text	legacy_encoded	in_scope	Dr. Javaid Rahi (editor/compiler on many volumes in this set)	Local folder: javaidrahi-blog/	f9a06e974c281725695bf72c01b15ec7
kulyate_rana_fazal_hussan_ed-dr-javaid-rah.pdf	javaidrahi-blog/kulyate_rana_fazal_hussan_ed-dr-javaid-rah.pdf	494	5.23	bad_text	legacy_encoded	in_scope	Dr. Javaid Rahi (editor/compiler on many volumes in this set)	Local folder: javaidrahi-blog/	0651aaacb02d9f936f65d96640dec062
mahmood-rana-1.pdf	javaidrahi-blog/mahmood-rana-1.pdf	105	2.27	bad_text	legacy_encoded	in_scope	Dr. Javaid Rahi (editor/compiler on many volumes in this set)	Local folder: javaidrahi-blog/	eee937c7e08efc98c899b31894ffeb04
sarwari-kasana-sahab-final-1.pdf	javaidrahi-blog/sarwari-kasana-sahab-final-1.pdf	240	3.89	bad_text	legacy_encoded	in_scope	Dr. Javaid Rahi (editor/compiler on many volumes in this set)	Local folder: javaidrahi-blog/	f49bf7297748f0f30a343b8325462825
LOK_VIRSO_Gojri_The_Folk_Lore_of_Gujjar.pdf	LOK_VIRSO_Gojri_The_Folk_Lore_of_Gujjar.pdf	117	54.83	image_only	none	in_scope	Original author(s) and publisher as printed in the book; check the title page		49cf8e4ae675b5c75d7a5f612c25a68b
MAHATMA_GANDHI_Tasweeran_Sangh_Kahani_by.pdf	MAHATMA_GANDHI_Tasweeran_Sangh_Kahani_by.pdf	60	40.81	bad_text	legacy_encoded	in_scope	Original author(s) and publisher as printed in the book; check the title page		6a6463ea2d744591ffe03c6bbcf4a503
QURANIC_TRANSLATION_in_GOJRI_by_Dr_Rafiq.pdf	QURANIC_TRANSLATION_in_GOJRI_by_Dr_Rafiq.pdf	717	16.65	bad_text	legacy_encoded	in_scope	Prof. (Dr.) Rafique Anjum / Anjum Shanasi-linked publications where applicable	Quranic translation volume	16eece63d02e5c03bc7068ef650c3e83
